[{"model": "admin.logentry", "pk": 1, "fields": {"action_time": "2023-02-16T23:49:50.625Z", "user": 1, "content_type": 7, "object_id": "1", "object_repr": "sajid", "action_flag": 1, "change_message": "[{\"added\": {}}]"}}, {"model": "admin.logentry", "pk": 2, "fields": {"action_time": "2023-02-16T23:50:01.295Z", "user": 1, "content_type": 9, "object_id": "1st", "object_repr": "1st Section-a", "action_flag": 1, "change_message": "[{\"added\": {}}]"}}, {"model": "admin.logentry", "pk": 3, "fields": {"action_time": "2023-02-16T23:50:07.821Z", "user": 1, "content_type": 9, "object_id": "2ND", "object_repr": "2ND Section-a", "action_flag": 1, "change_message": "[{\"added\": {}}]"}}, {"model": "admin.logentry", "pk": 4, "fields": {"action_time": "2023-02-16T23:50:15.654Z", "user": 1, "content_type": 9, "object_id": "3RD", "object_repr": "3RD Section-A", "action_flag": 1, "change_message": "[{\"added\": {}}]"}}, {"model": "admin.logentry", "pk": 5, "fields": {"action_time": "2023-02-16T23:57:26.431Z", "user": 1, "content_type": 9, "object_id": "IST", "object_repr": "IST Section-A", "action_flag": 2, "change_message": "[{\"changed\": {\"fields\": [\"Class name\", \"Section\"]}}]"}}, {"model": "admin.logentry", "pk": 6, "fields": {"action_time": "2023-02-16T23:57:39.500Z", "user": 1, "content_type": 9, "object_id": "1st", "object_repr": "1st Section-a", "action_flag": 3, "change_message": ""}}, {"model": "admin.logentry", "pk": 7, "fields": {"action_time": "2023-02-17T15:59:45.356Z", "user": 1, "content_type": 12, "object_id": "2", "object_repr": "Sajid", "action_flag": 3, "change_message": ""}}, {"model": "admin.logentry", "pk": 8, "fields": {"action_time": "2023-02-17T16:03:05.680Z", "user": 1, "content_type": 9, "object_id": "3RD", "object_repr": "3RD Section-A", "action_flag": 3, "change_message": ""}}, {"model": "admin.logentry", "pk": 9, "fields": {"action_time": "2023-02-17T16:03:05.682Z", "user": 1, "content_type": 9, "object_id": "2ND", "object_repr": "2ND Section-a", "action_flag": 3, "change_message": ""}}, {"model": "admin.logentry", "pk": 10, "fields": {"action_time": "2023-02-17T16:03:19.059Z", "user": 1, "content_type": 9, "object_id": "2ND", "object_repr": "2ND Section-A", "action_flag": 1, "change_message": "[{\"added\": {}}]"}}, {"model": "admin.logentry", "pk": 11, "fields": {"action_time": "2023-02-17T16:03:29.053Z", "user": 1, "content_type": 9, "object_id": "3RD", "object_repr": "3RD Section-A", "action_flag": 1, "change_message": "[{\"added\": {}}]"}}, {"model": "admin.logentry", "pk": 12, "fields": {"action_time": "2023-02-17T16:03:36.554Z", "user": 1, "content_type": 9, "object_id": "4TH", "object_repr": "4TH Section-A", "action_flag": 1, "change_message": "[{\"added\": {}}]"}}, {"model": "admin.logentry", "pk": 13, "fields": {"action_time": "2023-02-17T16:03:43.223Z", "user": 1, "content_type": 9, "object_id": "5TH", "object_repr": "5TH Section-A", "action_flag": 1, "change_message": "[{\"added\": {}}]"}}, {"model": "admin.logentry", "pk": 14, "fields": {"action_time": "2023-02-17T20:09:24.731Z", "user": 1, "content_type": 9, "object_id": "6TH", "object_repr": "6TH Section-A", "action_flag": 1, "change_message": "[{\"added\": {}}]"}}, {"model": "admin.logentry", "pk": 15, "fields": {"action_time": "2023-02-17T20:09:32.777Z", "user": 1, "content_type": 9, "object_id": "7TH", "object_repr": "7TH Section-A", "action_flag": 1, "change_message": "[{\"added\": {}}]"}}, {"model": "admin.logentry", "pk": 16, "fields": {"action_time": "2023-02-17T20:09:41.851Z", "user": 1, "content_type": 9, "object_id": "8TH", "object_repr": "8TH Section-A", "action_flag": 1, "change_message": "[{\"added\": {}}]"}}, {"model": "admin.logentry", "pk": 17, "fields": {"action_time": "2023-04-22T16:54:11.969Z", "user": 1, "content_type": 7, "object_id": "4", "object_repr": "Sajid", "action_flag": 3, "change_message": ""}}, {"model": "admin.logentry", "pk": 18, "fields": {"action_time": "2023-04-22T16:54:11.973Z", "user": 1, "content_type": 7, "object_id": "3", "object_repr": "Admin", "action_flag": 3, "change_message": ""}}, {"model": "admin.logentry", "pk": 19, "fields": {"action_time": "2023-04-22T16:54:11.980Z", "user": 1, "content_type": 7, "object_id": "2", "object_repr": "Sajid", "action_flag": 3, "change_message": ""}}, {"model": "admin.logentry", "pk": 20, "fields": {"action_time": "2023-04-22T16:54:11.986Z", "user": 1, "content_type": 7, "object_id": "1", "object_repr": "sajid", "action_flag": 3, "change_message": ""}}, {"model": "admin.logentry", "pk": 21, "fields": {"action_time": "2023-04-22T17:34:08.945Z", "user": 1, "content_type": 8, "object_id": "10", "object_repr": "Sajid2023-04-22present", "action_flag": 2, "change_message": "[]"}}, {"model": "admin.logentry", "pk": 22, "fields": {"action_time": "2023-04-22T17:34:52.202Z", "user": 1, "content_type": 8, "object_id": "10", "object_repr": "Sajid2023-04-22present", "action_flag": 2, "change_message": "[]"}}, {"model": "admin.logentry", "pk": 23, "fields": {"action_time": "2023-04-25T18:27:31.204Z", "user": 1, "content_type": 8, "object_id": "13", "object_repr": "Sajid2023-04-25present", "action_flag": 2, "change_message": "[]"}}, {"model": "admin.logentry", "pk": 24, "fields": {"action_time": "2024-08-06T23:15:40.391Z", "user": 1, "content_type": 14, "object_id": "1", "object_repr": "Maths", "action_flag": 1, "change_message": "[{\"added\": {}}]"}}, {"model": "admin.logentry", "pk": 25, "fields": {"action_time": "2024-08-06T23:16:06.389Z", "user": 1, "content_type": 14, "object_id": "1", "object_repr": "Math", "action_flag": 2, "change_message": "[{\"changed\": {\"fields\": [\"Subject name\"]}}]"}}, {"model": "admin.logentry", "pk": 26, "fields": {"action_time": "2024-08-06T23:38:40.879Z", "user": 1, "content_type": 13, "object_id": "1", "object_repr": "2ND Section-A", "action_flag": 1, "change_message": "[{\"added\": {}}]"}}, {"model": "admin.logentry", "pk": 27, "fields": {"action_time": "2024-08-07T02:59:58.877Z", "user": 1, "content_type": 10, "object_id": "1", "object_repr": "2ND Section-A", "action_flag": 1, "change_message": "[{\"added\": {}}]"}}, {"model": "admin.logentry", "pk": 28, "fields": {"action_time": "2024-08-07T20:29:35.256Z", "user": 1, "content_type": 10, "object_id": "2", "object_repr": "2ND Section-A", "action_flag": 1, "change_message": "[{\"added\": {}}]"}}, {"model": "admin.logentry", "pk": 29, "fields": {"action_time": "2024-08-07T21:05:57.627Z", "user": 1, "content_type": 14, "object_id": "2", "object_repr": "Science", "action_flag": 1, "change_message": "[{\"added\": {}}]"}}, {"model": "admin.logentry", "pk": 30, "fields": {"action_time": "2024-08-07T21:06:12.175Z", "user": 1, "content_type": 14, "object_id": "3", "object_repr": "Social-Science", "action_flag": 1, "change_message": "[{\"added\": {}}]"}}, {"model": "admin.logentry", "pk": 31, "fields": {"action_time": "2024-08-07T21:06:20.850Z", "user": 1, "content_type": 14, "object_id": "4", "object_repr": "English", "action_flag": 1, "change_message": "[{\"added\": {}}]"}}, {"model": "admin.logentry", "pk": 32, "fields": {"action_time": "2024-08-07T21:06:30.386Z", "user": 1, "content_type": 14, "object_id": "5", "object_repr": "Urdu", "action_flag": 1, "change_message": "[{\"added\": {}}]"}}, {"model": "admin.logentry", "pk": 33, "fields": {"action_time": "2024-08-07T21:06:48.946Z", "user": 1, "content_type": 14, "object_id": "6", "object_repr": "Kashmiri", "action_flag": 1, "change_message": "[{\"added\": {}}]"}}, {"model": "admin.logentry", "pk": 34, "fields": {"action_time": "2024-08-07T21:07:29.695Z", "user": 1, "content_type": 13, "object_id": "1", "object_repr": "2ND Section-A", "action_flag": 2, "change_message": "[]"}}, {"model": "admin.logentry", "pk": 35, "fields": {"action_time": "2024-08-07T21:07:39.846Z", "user": 1, "content_type": 13, "object_id": "2", "object_repr": "2ND Section-A", "action_flag": 1, "change_message": "[{\"added\": {}}]"}}, {"model": "admin.logentry", "pk": 36, "fields": {"action_time": "2024-08-07T21:07:47.430Z", "user": 1, "content_type": 13, "object_id": "3", "object_repr": "2ND Section-A", "action_flag": 1, "change_message": "[{\"added\": {}}]"}}, {"model": "admin.logentry", "pk": 37, "fields": {"action_time": "2024-08-07T21:07:59.311Z", "user": 1, "content_type": 13, "object_id": "4", "object_repr": "2ND Section-A", "action_flag": 1, "change_message": "[{\"added\": {}}]"}}, {"model": "admin.logentry", "pk": 38, "fields": {"action_time": "2024-08-07T21:08:05.292Z", "user": 1, "content_type": 13, "object_id": "5", "object_repr": "2ND Section-A", "action_flag": 1, "change_message": "[{\"added\": {}}]"}}, {"model": "admin.logentry", "pk": 39, "fields": {"action_time": "2024-08-07T21:08:10.344Z", "user": 1, "content_type": 13, "object_id": "6", "object_repr": "2ND Section-A", "action_flag": 1, "change_message": "[{\"added\": {}}]"}}, {"model": "admin.logentry", "pk": 40, "fields": {"action_time": "2024-08-07T21:08:45.768Z", "user": 1, "content_type": 13, "object_id": "7", "object_repr": "3RD Section-A", "action_flag": 1, "change_message": "[{\"added\": {}}]"}}, {"model": "admin.logentry", "pk": 41, "fields": {"action_time": "2024-08-07T21:08:53.711Z", "user": 1, "content_type": 13, "object_id": "8", "object_repr": "3RD Section-A", "action_flag": 1, "change_message": "[{\"added\": {}}]"}}, {"model": "admin.logentry", "pk": 42, "fields": {"action_time": "2024-08-07T21:08:59.360Z", "user": 1, "content_type": 13, "object_id": "9", "object_repr": "3RD Section-A", "action_flag": 1, "change_message": "[{\"added\": {}}]"}}, {"model": "admin.logentry", "pk": 43, "fields": {"action_time": "2024-08-07T21:09:03.456Z", "user": 1, "content_type": 13, "object_id": "10", "object_repr": "3RD Section-A", "action_flag": 1, "change_message": "[{\"added\": {}}]"}}, {"model": "admin.logentry", "pk": 44, "fields": {"action_time": "2024-08-07T21:09:10.645Z", "user": 1, "content_type": 13, "object_id": "11", "object_repr": "3RD Section-A", "action_flag": 1, "change_message": "[{\"added\": {}}]"}}, {"model": "admin.logentry", "pk": 45, "fields": {"action_time": "2024-08-07T21:09:15.874Z", "user": 1, "content_type": 13, "object_id": "12", "object_repr": "3RD Section-A", "action_flag": 1, "change_message": "[{\"added\": {}}]"}}, {"model": "admin.logentry", "pk": 46, "fields": {"action_time": "2024-08-07T21:09:29.884Z", "user": 1, "content_type": 13, "object_id": "13", "object_repr": "4TH Section-A", "action_flag": 1, "change_message": "[{\"added\": {}}]"}}, {"model": "admin.logentry", "pk": 47, "fields": {"action_time": "2024-08-07T21:09:35.226Z", "user": 1, "content_type": 13, "object_id": "14", "object_repr": "4TH Section-A", "action_flag": 1, "change_message": "[{\"added\": {}}]"}}, {"model": "admin.logentry", "pk": 48, "fields": {"action_time": "2024-08-07T21:09:40.766Z", "user": 1, "content_type": 13, "object_id": "15", "object_repr": "4TH Section-A", "action_flag": 1, "change_message": "[{\"added\": {}}]"}}, {"model": "admin.logentry", "pk": 49, "fields": {"action_time": "2024-08-07T21:09:46.740Z", "user": 1, "content_type": 13, "object_id": "16", "object_repr": "4TH Section-A", "action_flag": 1, "change_message": "[{\"added\": {}}]"}}, {"model": "admin.logentry", "pk": 50, "fields": {"action_time": "2024-08-07T21:09:50.573Z", "user": 1, "content_type": 13, "object_id": "17", "object_repr": "4TH Section-A", "action_flag": 1, "change_message": "[{\"added\": {}}]"}}, {"model": "admin.logentry", "pk": 51, "fields": {"action_time": "2024-08-07T21:09:59.540Z", "user": 1, "content_type": 13, "object_id": "18", "object_repr": "4TH Section-A", "action_flag": 1, "change_message": "[{\"added\": {}}]"}}, {"model": "admin.logentry", "pk": 52, "fields": {"action_time": "2024-08-07T21:10:30.099Z", "user": 1, "content_type": 13, "object_id": "19", "object_repr": "5TH Section-A", "action_flag": 1, "change_message": "[{\"added\": {}}]"}}, {"model": "admin.logentry", "pk": 53, "fields": {"action_time": "2024-08-07T21:10:34.594Z", "user": 1, "content_type": 13, "object_id": "20", "object_repr": "5TH Section-A", "action_flag": 1, "change_message": "[{\"added\": {}}]"}}, {"model": "admin.logentry", "pk": 54, "fields": {"action_time": "2024-08-07T21:10:39.392Z", "user": 1, "content_type": 13, "object_id": "21", "object_repr": "5TH Section-A", "action_flag": 1, "change_message": "[{\"added\": {}}]"}}, {"model": "admin.logentry", "pk": 55, "fields": {"action_time": "2024-08-07T21:10:43.811Z", "user": 1, "content_type": 13, "object_id": "22", "object_repr": "5TH Section-A", "action_flag": 1, "change_message": "[{\"added\": {}}]"}}, {"model": "admin.logentry", "pk": 56, "fields": {"action_time": "2024-08-07T21:10:54.228Z", "user": 1, "content_type": 13, "object_id": "23", "object_repr": "5TH Section-A", "action_flag": 1, "change_message": "[{\"added\": {}}]"}}, {"model": "admin.logentry", "pk": 57, "fields": {"action_time": "2024-08-07T21:11:00.708Z", "user": 1, "content_type": 13, "object_id": "24", "object_repr": "5TH Section-A", "action_flag": 1, "change_message": "[{\"added\": {}}]"}}, {"model": "admin.logentry", "pk": 58, "fields": {"action_time": "2024-08-07T21:11:18.328Z", "user": 1, "content_type": 13, "object_id": "25", "object_repr": "6TH Section-A", "action_flag": 1, "change_message": "[{\"added\": {}}]"}}, {"model": "admin.logentry", "pk": 59, "fields": {"action_time": "2024-08-07T21:11:24.963Z", "user": 1, "content_type": 13, "object_id": "26", "object_repr": "6TH Section-A", "action_flag": 1, "change_message": "[{\"added\": {}}]"}}, {"model": "admin.logentry", "pk": 60, "fields": {"action_time": "2024-08-07T21:11:31.609Z", "user": 1, "content_type": 13, "object_id": "27", "object_repr": "6TH Section-A", "action_flag": 1, "change_message": "[{\"added\": {}}]"}}, {"model": "admin.logentry", "pk": 61, "fields": {"action_time": "2024-08-07T21:11:36.825Z", "user": 1, "content_type": 13, "object_id": "28", "object_repr": "6TH Section-A", "action_flag": 1, "change_message": "[{\"added\": {}}]"}}, {"model": "admin.logentry", "pk": 62, "fields": {"action_time": "2024-08-07T21:11:40.926Z", "user": 1, "content_type": 13, "object_id": "29", "object_repr": "6TH Section-A", "action_flag": 1, "change_message": "[{\"added\": {}}]"}}, {"model": "admin.logentry", "pk": 63, "fields": {"action_time": "2024-08-07T21:11:49.646Z", "user": 1, "content_type": 13, "object_id": "30", "object_repr": "6TH Section-A", "action_flag": 1, "change_message": "[{\"added\": {}}]"}}, {"model": "admin.logentry", "pk": 64, "fields": {"action_time": "2024-08-07T21:11:56.992Z", "user": 1, "content_type": 13, "object_id": "31", "object_repr": "7TH Section-A", "action_flag": 1, "change_message": "[{\"added\": {}}]"}}, {"model": "admin.logentry", "pk": 65, "fields": {"action_time": "2024-08-07T21:12:04.018Z", "user": 1, "content_type": 13, "object_id": "32", "object_repr": "7TH Section-A", "action_flag": 1, "change_message": "[{\"added\": {}}]"}}, {"model": "admin.logentry", "pk": 66, "fields": {"action_time": "2024-08-07T21:12:59.444Z", "user": 1, "content_type": 13, "object_id": "32", "object_repr": "7TH Section-A", "action_flag": 2, "change_message": "[]"}}, {"model": "admin.logentry", "pk": 67, "fields": {"action_time": "2024-08-07T21:13:03.660Z", "user": 1, "content_type": 13, "object_id": "33", "object_repr": "7TH Section-A", "action_flag": 1, "change_message": "[{\"added\": {}}]"}}, {"model": "admin.logentry", "pk": 68, "fields": {"action_time": "2024-08-07T21:13:08.223Z", "user": 1, "content_type": 13, "object_id": "34", "object_repr": "7TH Section-A", "action_flag": 1, "change_message": "[{\"added\": {}}]"}}, {"model": "admin.logentry", "pk": 69, "fields": {"action_time": "2024-08-07T21:13:13.291Z", "user": 1, "content_type": 13, "object_id": "35", "object_repr": "7TH Section-A", "action_flag": 1, "change_message": "[{\"added\": {}}]"}}, {"model": "admin.logentry", "pk": 70, "fields": {"action_time": "2024-08-07T21:13:18.531Z", "user": 1, "content_type": 13, "object_id": "36", "object_repr": "7TH Section-A", "action_flag": 1, "change_message": "[{\"added\": {}}]"}}, {"model": "admin.logentry", "pk": 71, "fields": {"action_time": "2024-08-07T21:13:23.771Z", "user": 1, "content_type": 13, "object_id": "37", "object_repr": "8TH Section-A", "action_flag": 1, "change_message": "[{\"added\": {}}]"}}, {"model": "admin.logentry", "pk": 72, "fields": {"action_time": "2024-08-07T21:13:31.902Z", "user": 1, "content_type": 13, "object_id": "38", "object_repr": "8TH Section-A", "action_flag": 1, "change_message": "[{\"added\": {}}]"}}, {"model": "admin.logentry", "pk": 73, "fields": {"action_time": "2024-08-07T21:13:36.109Z", "user": 1, "content_type": 13, "object_id": "39", "object_repr": "8TH Section-A", "action_flag": 1, "change_message": "[{\"added\": {}}]"}}, {"model": "admin.logentry", "pk": 74, "fields": {"action_time": "2024-08-07T21:13:42.024Z", "user": 1, "content_type": 13, "object_id": "40", "object_repr": "8TH Section-A", "action_flag": 1, "change_message": "[{\"added\": {}}]"}}, {"model": "admin.logentry", "pk": 75, "fields": {"action_time": "2024-08-07T21:13:48.027Z", "user": 1, "content_type": 13, "object_id": "41", "object_repr": "8TH Section-A", "action_flag": 1, "change_message": "[{\"added\": {}}]"}}, {"model": "admin.logentry", "pk": 76, "fields": {"action_time": "2024-08-07T21:13:53.370Z", "user": 1, "content_type": 13, "object_id": "42", "object_repr": "8TH Section-A", "action_flag": 1, "change_message": "[{\"added\": {}}]"}}, {"model": "admin.logentry", "pk": 77, "fields": {"action_time": "2024-08-07T21:14:33.451Z", "user": 1, "content_type": 13, "object_id": "43", "object_repr": "IST Section-A", "action_flag": 1, "change_message": "[{\"added\": {}}]"}}, {"model": "admin.logentry", "pk": 78, "fields": {"action_time": "2024-08-07T21:14:37.621Z", "user": 1, "content_type": 13, "object_id": "44", "object_repr": "IST Section-A", "action_flag": 1, "change_message": "[{\"added\": {}}]"}}, {"model": "admin.logentry", "pk": 79, "fields": {"action_time": "2024-08-07T21:14:45.773Z", "user": 1, "content_type": 13, "object_id": "45", "object_repr": "IST Section-A", "action_flag": 1, "change_message": "[{\"added\": {}}]"}}, {"model": "admin.logentry", "pk": 80, "fields": {"action_time": "2024-08-07T21:14:58.538Z", "user": 1, "content_type": 13, "object_id": "46", "object_repr": "IST Section-A", "action_flag": 1, "change_message": "[{\"added\": {}}]"}}, {"model": "admin.logentry", "pk": 81, "fields": {"action_time": "2024-08-07T21:15:02.965Z", "user": 1, "content_type": 13, "object_id": "47", "object_repr": "IST Section-A", "action_flag": 1, "change_message": "[{\"added\": {}}]"}}, {"model": "admin.logentry", "pk": 82, "fields": {"action_time": "2024-08-07T21:15:08.567Z", "user": 1, "content_type": 13, "object_id": "48", "object_repr": "IST Section-A", "action_flag": 1, "change_message": "[{\"added\": {}}]"}}, {"model": "admin.logentry", "pk": 83, "fields": {"action_time": "2024-08-07T22:16:57.548Z", "user": 1, "content_type": 10, "object_id": "10", "object_repr": "2ND Section-A", "action_flag": 3, "change_message": ""}}, {"model": "admin.logentry", "pk": 84, "fields": {"action_time": "2024-08-07T22:16:57.549Z", "user": 1, "content_type": 10, "object_id": "9", "object_repr": "3RD Section-A", "action_flag": 3, "change_message": ""}}, {"model": "admin.logentry", "pk": 85, "fields": {"action_time": "2024-08-07T22:16:57.550Z", "user": 1, "content_type": 10, "object_id": "8", "object_repr": "3RD Section-A", "action_flag": 3, "change_message": ""}}, {"model": "admin.logentry", "pk": 86, "fields": {"action_time": "2024-08-07T22:16:57.551Z", "user": 1, "content_type": 10, "object_id": "7", "object_repr": "3RD Section-A", "action_flag": 3, "change_message": ""}}, {"model": "admin.logentry", "pk": 87, "fields": {"action_time": "2024-08-07T22:16:57.552Z", "user": 1, "content_type": 10, "object_id": "6", "object_repr": "2ND Section-A", "action_flag": 3, "change_message": ""}}, {"model": "admin.logentry", "pk": 88, "fields": {"action_time": "2024-08-07T22:16:57.553Z", "user": 1, "content_type": 10, "object_id": "5", "object_repr": "2ND Section-A", "action_flag": 3, "change_message": ""}}, {"model": "admin.logentry", "pk": 89, "fields": {"action_time": "2024-08-07T22:16:57.553Z", "user": 1, "content_type": 10, "object_id": "4", "object_repr": "2ND Section-A", "action_flag": 3, "change_message": ""}}, {"model": "admin.logentry", "pk": 90, "fields": {"action_time": "2024-08-07T22:16:57.554Z", "user": 1, "content_type": 10, "object_id": "3", "object_repr": "2ND Section-A", "action_flag": 3, "change_message": ""}}, {"model": "admin.logentry", "pk": 91, "fields": {"action_time": "2024-08-07T22:16:57.554Z", "user": 1, "content_type": 10, "object_id": "2", "object_repr": "2ND Section-A", "action_flag": 3, "change_message": ""}}, {"model": "admin.logentry", "pk": 92, "fields": {"action_time": "2024-08-07T22:16:57.555Z", "user": 1, "content_type": 10, "object_id": "1", "object_repr": "2ND Section-A", "action_flag": 3, "change_message": ""}}, {"model": "admin.logentry", "pk": 93, "fields": {"action_time": "2024-08-08T21:40:24.708Z", "user": 1, "content_type": 11, "object_id": "55", "object_repr": "sajid", "action_flag": 3, "change_message": ""}}, {"model": "admin.logentry", "pk": 94, "fields": {"action_time": "2024-08-08T21:52:06.949Z", "user": 1, "content_type": 12, "object_id": "Graduated", "object_repr": "Graduated Section-A", "action_flag": 1, "change_message": "[{\"added\": {}}]"}}, {"model": "admin.logentry", "pk": 95, "fields": {"action_time": "2024-08-08T22:53:28.015Z", "user": 1, "content_type": 11, "object_id": "56", "object_repr": "Sajid", "action_flag": 3, "change_message": ""}}, {"model": "admin.logentry", "pk": 96, "fields": {"action_time": "2024-08-12T19:43:08.987Z", "user": 1, "content_type": 10, "object_id": "41", "object_repr": "5TH Section-A", "action_flag": 3, "change_message": ""}}, {"model": "admin.logentry", "pk": 97, "fields": {"action_time": "2024-08-12T19:43:08.988Z", "user": 1, "content_type": 10, "object_id": "40", "object_repr": "5TH Section-A", "action_flag": 3, "change_message": ""}}, {"model": "admin.logentry", "pk": 98, "fields": {"action_time": "2024-08-12T19:43:08.989Z", "user": 1, "content_type": 10, "object_id": "39", "object_repr": "5TH Section-A", "action_flag": 3, "change_message": ""}}, {"model": "admin.logentry", "pk": 99, "fields": {"action_time": "2024-08-12T19:43:08.990Z", "user": 1, "content_type": 10, "object_id": "38", "object_repr": "5TH Section-A", "action_flag": 3, "change_message": ""}}, {"model": "admin.logentry", "pk": 100, "fields": {"action_time": "2024-08-12T19:43:08.990Z", "user": 1, "content_type": 10, "object_id": "37", "object_repr": "5TH Section-A", "action_flag": 3, "change_message": ""}}, {"model": "admin.logentry", "pk": 101, "fields": {"action_time": "2024-08-12T19:43:08.991Z", "user": 1, "content_type": 10, "object_id": "36", "object_repr": "5TH Section-A", "action_flag": 3, "change_message": ""}}, {"model": "admin.logentry", "pk": 102, "fields": {"action_time": "2024-08-12T19:43:08.992Z", "user": 1, "content_type": 10, "object_id": "35", "object_repr": "4TH Section-A", "action_flag": 3, "change_message": ""}}, {"model": "admin.logentry", "pk": 103, "fields": {"action_time": "2024-08-12T19:43:08.992Z", "user": 1, "content_type": 10, "object_id": "34", "object_repr": "4TH Section-A", "action_flag": 3, "change_message": ""}}, {"model": "admin.logentry", "pk": 104, "fields": {"action_time": "2024-08-12T19:43:08.993Z", "user": 1, "content_type": 10, "object_id": "33", "object_repr": "3RD Section-A", "action_flag": 3, "change_message": ""}}, {"model": "admin.logentry", "pk": 105, "fields": {"action_time": "2024-08-12T19:43:08.994Z", "user": 1, "content_type": 10, "object_id": "32", "object_repr": "3RD Section-A", "action_flag": 3, "change_message": ""}}, {"model": "admin.logentry", "pk": 106, "fields": {"action_time": "2024-08-12T19:43:08.994Z", "user": 1, "content_type": 10, "object_id": "31", "object_repr": "3RD Section-A", "action_flag": 3, "change_message": ""}}, {"model": "admin.logentry", "pk": 107, "fields": {"action_time": "2024-08-12T19:43:08.994Z", "user": 1, "content_type": 10, "object_id": "30", "object_repr": "3RD Section-A", "action_flag": 3, "change_message": ""}}, {"model": "admin.logentry", "pk": 108, "fields": {"action_time": "2024-08-12T19:43:08.995Z", "user": 1, "content_type": 10, "object_id": "29", "object_repr": "3RD Section-A", "action_flag": 3, "change_message": ""}}, {"model": "admin.logentry", "pk": 109, "fields": {"action_time": "2024-08-12T19:43:08.995Z", "user": 1, "content_type": 10, "object_id": "28", "object_repr": "3RD Section-A", "action_flag": 3, "change_message": ""}}, {"model": "admin.logentry", "pk": 110, "fields": {"action_time": "2024-08-12T19:43:08.996Z", "user": 1, "content_type": 10, "object_id": "27", "object_repr": "6TH Section-A", "action_flag": 3, "change_message": ""}}, {"model": "admin.logentry", "pk": 111, "fields": {"action_time": "2024-08-12T19:43:08.996Z", "user": 1, "content_type": 10, "object_id": "26", "object_repr": "6TH Section-A", "action_flag": 3, "change_message": ""}}, {"model": "admin.logentry", "pk": 112, "fields": {"action_time": "2024-08-12T19:43:08.996Z", "user": 1, "content_type": 10, "object_id": "25", "object_repr": "6TH Section-A", "action_flag": 3, "change_message": ""}}, {"model": "admin.logentry", "pk": 113, "fields": {"action_time": "2024-08-12T19:43:08.997Z", "user": 1, "content_type": 10, "object_id": "24", "object_repr": "Graduated Section-A", "action_flag": 3, "change_message": ""}}, {"model": "admin.logentry", "pk": 114, "fields": {"action_time": "2024-08-12T19:43:08.997Z", "user": 1, "content_type": 10, "object_id": "23", "object_repr": "Graduated Section-A", "action_flag": 3, "change_message": ""}}, {"model": "admin.logentry", "pk": 115, "fields": {"action_time": "2024-08-12T19:43:08.998Z", "user": 1, "content_type": 10, "object_id": "22", "object_repr": "Graduated Section-A", "action_flag": 3, "change_message": ""}}, {"model": "admin.logentry", "pk": 116, "fields": {"action_time": "2024-08-12T19:43:08.998Z", "user": 1, "content_type": 10, "object_id": "21", "object_repr": "2ND Section-A", "action_flag": 3, "change_message": ""}}, {"model": "admin.logentry", "pk": 117, "fields": {"action_time": "2024-08-12T19:43:08.999Z", "user": 1, "content_type": 10, "object_id": "20", "object_repr": "IST Section-A", "action_flag": 3, "change_message": ""}}, {"model": "admin.logentry", "pk": 118, "fields": {"action_time": "2024-08-12T19:43:08.999Z", "user": 1, "content_type": 10, "object_id": "19", "object_repr": "IST Section-A", "action_flag": 3, "change_message": ""}}, {"model": "admin.logentry", "pk": 119, "fields": {"action_time": "2024-08-12T19:43:09.000Z", "user": 1, "content_type": 10, "object_id": "18", "object_repr": "IST Section-A", "action_flag": 3, "change_message": ""}}, {"model": "admin.logentry", "pk": 120, "fields": {"action_time": "2024-08-12T19:43:09.000Z", "user": 1, "content_type": 10, "object_id": "17", "object_repr": "IST Section-A", "action_flag": 3, "change_message": ""}}, {"model": "admin.logentry", "pk": 121, "fields": {"action_time": "2024-08-12T19:43:09.001Z", "user": 1, "content_type": 10, "object_id": "16", "object_repr": "IST Section-A", "action_flag": 3, "change_message": ""}}, {"model": "admin.logentry", "pk": 122, "fields": {"action_time": "2024-08-12T19:43:09.001Z", "user": 1, "content_type": 10, "object_id": "15", "object_repr": "IST Section-A", "action_flag": 3, "change_message": ""}}, {"model": "admin.logentry", "pk": 123, "fields": {"action_time": "2024-08-12T19:43:09.002Z", "user": 1, "content_type": 10, "object_id": "14", "object_repr": "IST Section-A", "action_flag": 3, "change_message": ""}}, {"model": "admin.logentry", "pk": 124, "fields": {"action_time": "2024-08-12T19:43:09.002Z", "user": 1, "content_type": 10, "object_id": "13", "object_repr": "IST Section-A", "action_flag": 3, "change_message": ""}}, {"model": "admin.logentry", "pk": 125, "fields": {"action_time": "2024-08-12T19:43:09.003Z", "user": 1, "content_type": 10, "object_id": "12", "object_repr": "IST Section-A", "action_flag": 3, "change_message": ""}}, {"model": "admin.logentry", "pk": 126, "fields": {"action_time": "2024-08-12T19:43:09.003Z", "user": 1, "content_type": 10, "object_id": "11", "object_repr": "IST Section-A", "action_flag": 3, "change_message": ""}}, {"model": "admin.logentry", "pk": 127, "fields": {"action_time": "2024-08-12T21:33:27.435Z", "user": 1, "content_type": 11, "object_id": "18", "object_repr": "Saiqa", "action_flag": 2, "change_message": "[{\"changed\": {\"fields\": [\"Student roll\"]}}]"}}, {"model": "admin.logentry", "pk": 128, "fields": {"action_time": "2024-08-12T21:33:56.212Z", "user": 1, "content_type": 11, "object_id": "21", "object_repr": "Sameer Aslam", "action_flag": 2, "change_message": "[{\"changed\": {\"fields\": [\"Student roll\"]}}]"}}, {"model": "admin.logentry", "pk": 129, "fields": {"action_time": "2024-08-12T21:34:08.846Z", "user": 1, "content_type": 11, "object_id": "18", "object_repr": "Saiqa", "action_flag": 2, "change_message": "[{\"changed\": {\"fields\": [\"Student roll\"]}}]"}}, {"model": "auth.user", "pk": 1, "fields": {"password": "pbkdf2_sha256$720000$ZoCYVkDeM4cEjHYX656pfN$MkloT7EgkcabopsP6ekET9q0iWq8L2urBApKX0FCPVk=", "last_login": "2024-08-06T22:28:21.603Z", "is_superuser": true, "username": "admin", "first_name": "", "last_name": "", "email": "", "is_staff": true, "is_active": true, "date_joined": "2023-02-16T23:48:51.242Z", "groups": [], "user_permissions": []}}, {"model": "sessions.session", "pk": "4cl4dd02beodv294qfy5i3t4sz5fpgb0", "fields": {"session_data": ".eJxVjEEOwiAQRe_C2hDKtMC4dO8ZyACDVA0kpV0Z765NutDtf-_9l_C0rcVvnRc_J3EWgzj9boHig-sO0p3qrcnY6rrMQe6KPGiX15b4eTncv4NCvXxrFaKG7AxkSDqBzkN20WS0CJaiRhtCNpOeEuLIzGBZM4FyI5JSyqF4fwDpkDe5:1pqFxq:f7QMk4i9LXzajm7JK3o2JydQgJ7wrBqEnAcg3_s4wXY", "expire_date": "2023-05-06T16:19:54.646Z"}}, {"model": "sessions.session", "pk": "857j3bktx16qh02pxazvnxmjczkifeek", "fields": {"session_data": ".eJxVjMEOwiAQRP-FsyG6C1g8evcbmmUXpGogKe3J-O_SpAeduc2bmbcaaV3yuLY4j5Ooizqpw28WiJ-xbEAeVO5Vcy3LPAW9VfROm75Via_r3v07yNRyXydPkpARzgFcgIADC3jrQuxygEzJ0MDWC7N1SajbJGI2CQCPqD5fH305qA:1pSnzl:WJK9hNC9ZNGyiZxhblO3j2CDIcGbu8e21oL_3JBFkuo", "expire_date": "2023-03-02T23:48:57.545Z"}}, {"model": "sessions.session", "pk": "t8t6rvzoh2z45ga3ii7pp7i39pb5urwg", "fields": {"session_data": ".eJxVjMEOwiAQRP-FsyEsYikevfcbyMLuStXQpLQn47_bJj3obTLvzbxVxHUpcW08x5HUVYE6_XYJ85PrDuiB9T7pPNVlHpPeFX3QpoeJ-HU73L-Dgq1sa0dsDJuQLDp_ZgQEkdSJD31g47aQs6AQiOGQyMsFsiUBAdsnCZ36fAEKxTko:1sbSfF:O4u53tHPxc85gGQakkS79aG5SyNiTWQIJOMZKuEbm0c", "expire_date": "2024-08-20T22:28:21.604Z"}}, {"model": "users.user", "pk": 5, "fields": {"user_name": "Sajid", "password": "pbkdf2_sha256$260000$JZe2HRzxnnNz47qWzsTmhp$WefFcPZIlHf+AhKPNw3LgTjh6F49FdV6BsjGt78AbB8=", "email": "sajid@techis.io", "token": "e68d4c019442d990fb08392d9b90270897629731076ba21aa00ee0d4dbbf", "token_expires_at": "2024-08-15T03:23:14.502Z", "created_at": "2023-04-22T16:54:21.569Z", "updated_at": "2024-08-08T03:23:14.502Z"}}, {"model": "users.user", "pk": 6, "fields": {"user_name": "Admin", "password": "pbkdf2_sha256$260000$or2pCJiYD2H6IGmQwhdhmi$OuFdTqLpdPmYd1WkvPj3BQvZZI99RPDmx91T8danM0w=", "email": "admin@gmail.com", "token": "a433cde096815c6b04b1bd3ba6fbc525a69955b9967e6fc95d2bd5861ce7", "token_expires_at": "2023-05-02T20:47:37.692Z", "created_at": "2023-04-25T16:25:34.917Z", "updated_at": "2023-04-25T20:47:37.693Z"}}, {"model": "users.user", "pk": 7, "fields": {"user_name": "Admin", "password": "pbkdf2_sha256$720000$tuudvzWYK0cViuMgKHZ9zd$FvZSfgZlAQMlb5/jYxGhy2ziomx5d6Ma/+tSpxvRRC0=", "email": "admin@gmsk.in", "token": "a43e4c685155ea0ef65872afab3786b64cefada26dfc7fe1ca4da2b3ce5c", "token_expires_at": "2024-08-20T18:01:46.590Z", "created_at": "2024-08-06T22:43:36.325Z", "updated_at": "2024-08-13T18:01:46.591Z"}}, {"model": "attendance.attendance", "pk": 1, "fields": {"user": 5, "date": "2024-08-06", "imageUrl": "image/upload/v1722980202/rdziwslncegn5lanl8ym.jpg", "create_at": "2024-08-06T21:36:42.567Z", "status": "duty", "location": "Lat:12.932801870125166 & Lng: 77.61417126595457,Bengaluru, KA"}}, {"model": "attendance.attendance", "pk": 2, "fields": {"user": 5, "date": "2024-08-06", "imageUrl": "image/upload/v1722980501/d7g6spuivfqca7p1bdpk.jpg", "create_at": "2024-08-06T21:41:41.976Z", "status": "duty", "location": "Lat:12.93279082650217 & Lng: 77.6141684381156,Bengaluru, KA"}}, {"model": "attendance.attendance", "pk": 3, "fields": {"user": 5, "date": "2024-08-06", "imageUrl": "image/upload/v1722982102/xek6thrbk8kb4325lwqt.jpg", "create_at": "2024-08-06T22:08:22.678Z", "status": "duty", "location": "Lat:12.932769575581979 & Lng: 77.61413858102267,Bengaluru, KA"}}, {"model": "attendance.attendance", "pk": 4, "fields": {"user": 5, "date": "2024-08-06", "imageUrl": "image/upload/v1722982508/il8gm1tehjz1rjsaox5k.jpg", "create_at": "2024-08-06T22:15:09.272Z", "status": "duty", "location": "Lat:12.932813175400517 & Lng: 77.61417827825457,Bengaluru, KA"}}, {"model": "attendance.attendance", "pk": 5, "fields": {"user": 5, "date": "2024-08-06", "imageUrl": "image/upload/v1722983945/dfcroby5i83chuqktbus.jpg", "create_at": "2024-08-06T22:39:06.241Z", "status": "duty", "location": "Lat:12.932785600355142 & Lng: 77.61414925064442,Bengaluru, KA"}}, {"model": "attendance.attendance", "pk": 6, "fields": {"user": 5, "date": "2024-08-08", "imageUrl": "image/upload/v1723075845/ikkhakrqyogeyrdawvki.jpg", "create_at": "2024-08-08T00:10:46.379Z", "status": "duty", "location": "Lat:12.932777613828804 & Lng: 77.6141522461015,Bengaluru, KA"}}, {"model": "attendance.attendance", "pk": 7, "fields": {"user": 5, "date": "2024-08-08", "imageUrl": "image/upload/v1723076159/nt5pkttixyrzpsartimo.jpg", "create_at": "2024-08-08T00:15:59.611Z", "status": "duty", "location": "Lat:12.932780851872675 & Lng: 77.61415516144916,Bengaluru, KA"}}, {"model": "attendance.attendance", "pk": 8, "fields": {"user": 5, "date": "2024-08-08", "imageUrl": "image/upload/v1723077622/j72gfdrdf2c97twasuj0.jpg", "create_at": "2024-08-08T00:40:22.741Z", "status": "duty", "location": "Lat:12.93277761413006 & Lng: 77.61415224620852,Bengaluru, KA"}}, {"model": "attendance.attendance", "pk": 9, "fields": {"user": 5, "date": "2024-08-08", "imageUrl": "image/upload/v1723084089/hliw5tcngsuifdllahdy.jpg", "create_at": "2024-08-08T02:28:09.533Z", "status": "duty", "location": "Lat:12.925455343165428 & Lng: 77.61558762509696,Bengaluru, KA"}}, {"model": "attendance.attendance", "pk": 10, "fields": {"user": 5, "date": "2024-08-08", "imageUrl": null, "create_at": "2024-08-08T02:47:19.649Z", "status": "duty", "location": "Lat:12.92553471896667 & Lng: 77.61553937985,Bengaluru, KA"}}, {"model": "attendance.attendance", "pk": 11, "fields": {"user": 5, "date": "2024-08-08", "imageUrl": null, "create_at": "2024-08-08T02:51:59.192Z", "status": "duty", "location": "Lat:12.925591146586926 & Lng: 77.6156491395808,Bengaluru, KA"}}, {"model": "attendance.attendance", "pk": 12, "fields": {"user": 5, "date": "2024-08-08", "imageUrl": null, "create_at": "2024-08-08T02:57:31.539Z", "status": "leave", "location": "Lat:12.925536269463011 & Lng: 77.61561374185275,Bengaluru, KA"}}, {"model": "attendance.attendance", "pk": 13, "fields": {"user": 5, "date": "2024-08-08", "imageUrl": null, "create_at": "2024-08-08T03:12:36.969Z", "status": "duty", "location": "Lat:12.9254872483448 & Lng: 77.61559779281495,Bengaluru, KA"}}, {"model": "attendance.attendance", "pk": 14, "fields": {"user": 5, "date": "2024-08-08", "imageUrl": null, "create_at": "2024-08-08T03:25:29.066Z", "status": "leave", "location": "Lat:12.925515290208299 & Lng: 77.615635659638, GMS K-Gojran"}}, {"model": "attendance.attendance", "pk": 15, "fields": {"user": 5, "date": "2024-08-08", "imageUrl": null, "create_at": "2024-08-08T03:27:52.630Z", "status": "leave", "location": "Lat:12.925687038371434 & Lng: 77.61559918086782, GMS K-Gojran"}}, {"model": "attendance.attendance", "pk": 16, "fields": {"user": 5, "date": "2024-08-08", "imageUrl": "image/upload/v1723087702/lv3fdwwpvn4uryvycaqa.jpg", "create_at": "2024-08-08T03:28:23.343Z", "status": "duty", "location": "Lat:12.925687038371434 & Lng: 77.61559918086782, GMS K-Gojran"}}, {"model": "results.declareresult", "pk": 1, "fields": {"select_class": "IST", "subject": 1, "select_student": 50, "marks_obtained": 90, "total_marks": 100, "published": true}}, {"model": "results.declareresult", "pk": 2, "fields": {"select_class": "IST", "subject": 2, "select_student": 50, "marks_obtained": 72, "total_marks": 100, "published": true}}, {"model": "results.declareresult", "pk": 3, "fields": {"select_class": "IST", "subject": 3, "select_student": 50, "marks_obtained": 80, "total_marks": 100, "published": true}}, {"model": "results.declareresult", "pk": 4, "fields": {"select_class": "IST", "subject": 4, "select_student": 50, "marks_obtained": 92, "total_marks": 100, "published": true}}, {"model": "results.declareresult", "pk": 5, "fields": {"select_class": "IST", "subject": 5, "select_student": 50, "marks_obtained": 76, "total_marks": 100, "published": true}}, {"model": "results.declareresult", "pk": 6, "fields": {"select_class": "IST", "subject": 6, "select_student": 50, "marks_obtained": 90, "total_marks": 100, "published": true}}, {"model": "results.declareresult", "pk": 7, "fields": {"select_class": "IST", "subject": 1, "select_student": 51, "marks_obtained": 80, "total_marks": 100, "published": true}}, {"model": "results.declareresult", "pk": 8, "fields": {"select_class": "IST", "subject": 2, "select_student": 51, "marks_obtained": 90, "total_marks": 100, "published": true}}, {"model": "results.declareresult", "pk": 9, "fields": {"select_class": "IST", "subject": 3, "select_student": 51, "marks_obtained": 82, "total_marks": 100, "published": true}}, {"model": "results.declareresult", "pk": 10, "fields": {"select_class": "IST", "subject": 4, "select_student": 51, "marks_obtained": 91, "total_marks": 100, "published": true}}, {"model": "results.declareresult", "pk": 11, "fields": {"select_class": "IST", "subject": 5, "select_student": 51, "marks_obtained": 70, "total_marks": 100, "published": true}}, {"model": "results.declareresult", "pk": 12, "fields": {"select_class": "IST", "subject": 6, "select_student": 51, "marks_obtained": 90, "total_marks": 100, "published": true}}, {"model": "results.declareresult", "pk": 13, "fields": {"select_class": "IST", "subject": 1, "select_student": 52, "marks_obtained": 80, "total_marks": 100, "published": true}}, {"model": "results.declareresult", "pk": 14, "fields": {"select_class": "IST", "subject": 2, "select_student": 52, "marks_obtained": 70, "total_marks": 100, "published": true}}, {"model": "results.declareresult", "pk": 15, "fields": {"select_class": "IST", "subject": 3, "select_student": 52, "marks_obtained": 85, "total_marks": 100, "published": true}}, {"model": "results.declareresult", "pk": 16, "fields": {"select_class": "IST", "subject": 4, "select_student": 52, "marks_obtained": 90, "total_marks": 100, "published": true}}, {"model": "results.declareresult", "pk": 17, "fields": {"select_class": "IST", "subject": 5, "select_student": 52, "marks_obtained": 75, "total_marks": 100, "published": true}}, {"model": "results.declareresult", "pk": 18, "fields": {"select_class": "IST", "subject": 6, "select_student": 52, "marks_obtained": 90, "total_marks": 100, "published": true}}, {"model": "students.student", "pk": 1, "fields": {"student_roll": 47, "udise_code": 1061503907, "title": "Ms", "firstname": "Sabreena", "lastname": "jan", "email": "", "phone": 6005139825, "gender": "Female", "father": "Abdul Gani Chouhan Gojar", "mother": "Begam Jan", "gaurdian": "Ab Gani", "adhaar": 604359356251, "domicile": null, "bank": 885040150000237, "photograph": null, "dob": "2009-11-01", "category": "ST", "signature": null, "town": "Anantnag", "tehsil": "Srigufwara", "district": "Anantang", "address": "Kasnard-Khiram", "created_at": "2015-03-10", "updated_at": "2024-08-08T21:54:39.631Z", "student_class": "Graduated"}}, {"model": "students.student", "pk": 2, "fields": {"student_roll": 46, "udise_code": 1061503907, "title": "Ms", "firstname": "Nasreena", "lastname": "jan", "email": "", "phone": 6005139825, "gender": "Female", "father": "Abdul Gani Chouhan Gojar", "mother": "Begam Jan", "gaurdian": null, "adhaar": 752804864091, "domicile": null, "bank": 885040150000236, "photograph": null, "dob": "2009-11-01", "category": "ST", "signature": null, "town": "Anantnag", "tehsil": "Srigufwara", "district": "Anantang", "address": "Kasnard-Khiram", "created_at": "2015-03-10", "updated_at": "2024-08-08T21:56:45.525Z", "student_class": "Graduated"}}, {"model": "students.student", "pk": 3, "fields": {"student_roll": 49, "udise_code": 1061503907, "title": "Ms", "firstname": "Mehnaza", "lastname": "jan", "email": "", "phone": 9469977818, "gender": "Female", "father": "Jaleel Ahmad Chohan Gojar", "mother": "Naseema Banoo", "gaurdian": null, "adhaar": 301747728129, "domicile": null, "bank": 172040800004313, "photograph": null, "dob": "2009-11-10", "category": "ST", "signature": null, "town": "Anantnag", "tehsil": "Srigufwara", "district": "Anantang", "address": "Kasnard-Khiram", "created_at": "2015-03-10", "updated_at": "2024-08-08T21:57:03.027Z", "student_class": "Graduated"}}, {"model": "students.student", "pk": 4, "fields": {"student_roll": 48, "udise_code": 1061503907, "title": "Ms", "firstname": "Bisma", "lastname": "ishaq", "email": "", "phone": 6006606562, "gender": "Female", "father": "Mohd Ishaq pood Gojar", "mother": "Sarwa Jan", "gaurdian": null, "adhaar": 948506185723, "domicile": null, "bank": 172040800004308, "photograph": null, "dob": "2009-11-10", "category": "ST", "signature": null, "town": "Anantnag", "tehsil": "Srigufwara", "district": "Anantang", "address": "Kasnard-Khiram", "created_at": "2015-03-10", "updated_at": "2024-08-08T21:57:19.274Z", "student_class": "Graduated"}}, {"model": "students.student", "pk": 5, "fields": {"student_roll": 45, "udise_code": 1061503907, "title": "Mr", "firstname": "Tariq Ahmad", "lastname": "Gojar", "email": "", "phone": 9469039252, "gender": "Male", "father": "Mohd Dilawar khan Gojar", "mother": "Shareefa Banoo", "gaurdian": null, "adhaar": 510740311910, "domicile": null, "bank": 885040150000233, "photograph": null, "dob": "2009-11-15", "category": "ST", "signature": null, "town": "Anantnag", "tehsil": "Srigufwara", "district": "Anantang", "address": "Kasnard-Khiram", "created_at": "2015-03-10", "updated_at": "2024-08-08T21:57:35.096Z", "student_class": "Graduated"}}, {"model": "students.student", "pk": 6, "fields": {"student_roll": 43, "udise_code": 1061503907, "title": "Mr", "firstname": "Mohmmad Arif", "lastname": "Gojar", "email": "", "phone": 9469039252, "gender": "Male", "father": "Mohd Dilawar khan Gojar", "mother": "Shareefa Banoo", "gaurdian": null, "adhaar": 457485475179, "domicile": null, "bank": 172040800004316, "photograph": null, "dob": "2008-11-06", "category": "ST", "signature": null, "town": "Anantnag", "tehsil": "Srigufwara", "district": "Anantang", "address": "Kasnard-Khiram", "created_at": "2013-11-01", "updated_at": "2024-08-08T21:57:49.242Z", "student_class": "Graduated"}}, {"model": "students.student", "pk": 7, "fields": {"student_roll": 44, "udise_code": 1061503907, "title": "Mr", "firstname": "Tariq Ahmad", "lastname": "chohan gojar", "email": "", "phone": 7780888134, "gender": "Male", "father": "khursheed Ahmad Chohan Gojar", "mother": "Aisha Banoo", "gaurdian": null, "adhaar": 924682801681, "domicile": null, "bank": 172040800005533, "photograph": null, "dob": "2009-11-16", "category": "ST", "signature": null, "town": "Anantnag", "tehsil": "Srigufwara", "district": "Anantang", "address": "Kasnard-Khiram", "created_at": "2015-03-10", "updated_at": "2024-08-08T21:58:01.907Z", "student_class": "Graduated"}}, {"model": "students.student", "pk": 8, "fields": {"student_roll": 53, "udise_code": 1061503907, "title": "Mr", "firstname": "Ajmal Maqbool", "lastname": "jatlaw", "email": "", "phone": 9622753302, "gender": "Male", "father": "Mohd Maqbool jatla", "mother": "Saleema Banoo", "gaurdian": null, "adhaar": 293081957764, "domicile": null, "bank": 885040150000250, "photograph": null, "dob": "2010-12-10", "category": "ST", "signature": null, "town": "Anantnag", "tehsil": "Srigufwara", "district": "Anantang", "address": "Kasnard-Khiram", "created_at": "2016-03-10", "updated_at": "2024-08-10T07:15:47.626Z", "student_class": "8TH"}}, {"model": "students.student", "pk": 9, "fields": {"student_roll": 54, "udise_code": 1061503907, "title": "Mr", "firstname": "Ishtiyaq Ahmad", "lastname": "khan Gojar", "email": "", "phone": 7006779036, "gender": "Male", "father": "Mohd yousuf khan Gojar", "mother": "Sakeena Akther", "gaurdian": null, "adhaar": 239981869464, "domicile": null, "bank": 172040800007395, "photograph": null, "dob": "2010-12-12", "category": "ST", "signature": null, "town": "Anantnag", "tehsil": "Srigufwara", "district": "Anantang", "address": "Kasnard-Khiram", "created_at": "2016-03-10", "updated_at": "2024-08-10T07:16:30.031Z", "student_class": "8TH"}}, {"model": "students.student", "pk": 10, "fields": {"student_roll": 51, "udise_code": 1061503907, "title": "Mr", "firstname": "Yawer farooq", "lastname": "pood Gojar", "email": "", "phone": 6005069493, "gender": "Male", "father": "Farooq Ahmad pood Gojar", "mother": "Misra Banoo", "gaurdian": null, "adhaar": 798832925789, "domicile": null, "bank": 172040800005359, "photograph": null, "dob": "2010-12-09", "category": "ST", "signature": null, "town": "Anantnag", "tehsil": "Srigufwara", "district": "Anantang", "address": "Kasnard-Khiram", "created_at": "2016-03-10", "updated_at": "2024-08-10T07:16:52.904Z", "student_class": "8TH"}}, {"model": "students.student", "pk": 11, "fields": {"student_roll": 55, "udise_code": 1061503907, "title": "Mr", "firstname": "Kamran Manzoor", "lastname": "Khan Gojar", "email": "", "phone": 9419960806, "gender": "Male", "father": "Manzoor Ahmad khan Gojar", "mother": "Malika Banoo", "gaurdian": null, "adhaar": 247158609920, "domicile": null, "bank": 172040800005236, "photograph": null, "dob": "2010-11-10", "category": "ST", "signature": null, "town": "Anantnag", "tehsil": "Srigufwara", "district": "Anantang", "address": "Kasnard-Khiram", "created_at": "2016-03-10", "updated_at": null, "student_class": "7TH"}}, {"model": "students.student", "pk": 12, "fields": {"student_roll": 50, "udise_code": 1061503907, "title": "Mr", "firstname": "Muneeb Bashir", "lastname": "kalas Gojar", "email": "", "phone": 8491055014, "gender": "Male", "father": "Bashir Ahmad Kalas Gojar", "mother": "Sakeena Banoo", "gaurdian": null, "adhaar": 342144079924, "domicile": null, "bank": 172040800005244, "photograph": null, "dob": "2010-12-07", "category": "ST", "signature": null, "town": "Anantnag", "tehsil": "Srigufwara", "district": "Anantang", "address": "Kasnard-Khiram", "created_at": "2016-03-10", "updated_at": null, "student_class": "7TH"}}, {"model": "students.student", "pk": 13, "fields": {"student_roll": 52, "udise_code": 1061503907, "title": "Ms", "firstname": "Sabiya", "lastname": "Amin", "email": "", "phone": 7889572638, "gender": "Female", "father": "Mohd Amin khan pood", "mother": "Rubeena Banoo", "gaurdian": null, "adhaar": 247158609920, "domicile": null, "bank": 172040800005939, "photograph": null, "dob": "2010-12-11", "category": "ST", "signature": null, "town": "Anantnag", "tehsil": "Srigufwara", "district": "Anantang", "address": "Kasnard-Khiram", "created_at": "2022-04-01", "updated_at": null, "student_class": "7TH"}}, {"model": "students.student", "pk": 14, "fields": {"student_roll": 60, "udise_code": 1061503907, "title": "Ms", "firstname": "Parveena", "lastname": "jan", "email": "", "phone": 6005139825, "gender": "Female", "father": "Gulzar Ahmad Chohan", "mother": "Mareyma Banoo", "gaurdian": null, "adhaar": 842495507149, "domicile": null, "bank": 885040150000268, "photograph": null, "dob": "2011-10-15", "category": "ST", "signature": null, "town": "Anantnag", "tehsil": "Srigufwara", "district": "Anantang", "address": "Kasnard-Khiram", "created_at": "2016-12-01", "updated_at": null, "student_class": "6TH"}}, {"model": "students.student", "pk": 15, "fields": {"student_roll": 59, "udise_code": 1061503907, "title": "Ms", "firstname": "Aarifa", "lastname": "jan", "email": "", "phone": 8491055014, "gender": "Female", "father": "Shabir Ahmad Kalas Gojar", "mother": "Sakeena Akther", "gaurdian": null, "adhaar": 951932337551, "domicile": null, "bank": 885041000000900, "photograph": null, "dob": "2011-11-15", "category": "ST", "signature": null, "town": "Anantnag", "tehsil": "Srigufwara", "district": "Anantang", "address": "Kasnard-Khiram", "created_at": "2016-12-01", "updated_at": null, "student_class": "6TH"}}, {"model": "students.student", "pk": 16, "fields": {"student_roll": 301, "udise_code": 1061503907, "title": "Mr", "firstname": "Naseem Dilawar", "lastname": "KALAS Gojar", "email": "", "phone": 9484107297, "gender": "Male", "father": "Mohd Dilawar kalas Gojar", "mother": "Meewa Jan", "gaurdian": null, "adhaar": 201679943248, "domicile": null, "bank": 885041000000897, "photograph": null, "dob": "2012-10-24", "category": "ST", "signature": null, "town": "Anantnag", "tehsil": "Srigufwara", "district": "Anantang", "address": "Kasnard-Khiram", "created_at": "2016-12-01", "updated_at": "2024-08-12T19:49:41.733Z", "student_class": "7TH"}}, {"model": "students.student", "pk": 17, "fields": {"student_roll": 58, "udise_code": 1061503907, "title": "Mr", "firstname": "Mohammad Ashaq", "lastname": "chohan gojar", "email": "", "phone": 7051272919, "gender": "Male", "father": "Mohd Ishaq chohan", "mother": "Zaytoon Begam", "gaurdian": null, "adhaar": 562117745493, "domicile": null, "bank": 885040800000018, "photograph": null, "dob": "2011-12-01", "category": "ST", "signature": null, "town": "Anantnag", "tehsil": "Srigufwara", "district": "Anantang", "address": "Kasnard-Khiram", "created_at": "2016-12-01", "updated_at": null, "student_class": "6TH"}}, {"model": "students.student", "pk": 18, "fields": {"student_roll": 57, "udise_code": 1061503907, "title": "Ms", "firstname": "Saiqa", "lastname": "jan", "email": null, "phone": 9419960806, "gender": "Female", "father": "Mohd Iqbal khan Gojar", "mother": "Tasleema Jan", "gaurdian": null, "adhaar": 214404575026, "domicile": null, "bank": 172040800005238, "photograph": null, "dob": "2011-12-11", "category": "ST", "signature": null, "town": "Anantnag", "tehsil": "Srigufwara", "district": "Anantang", "address": "Kasnard-Khiram", "created_at": "2016-12-01", "updated_at": "2024-08-12T21:34:08.845Z", "student_class": "6TH"}}, {"model": "students.student", "pk": 19, "fields": {"student_roll": 65, "udise_code": 1061503907, "title": "Ms", "firstname": "Naziya", "lastname": "jan", "email": "", "phone": 9484203925, "gender": "Female", "father": "Lal Din Khan gojar", "mother": "Fatima Banoo", "gaurdian": null, "adhaar": 717466430102, "domicile": null, "bank": 885040150000214, "photograph": null, "dob": "2011-11-11", "category": "ST", "signature": null, "town": "Anantnag", "tehsil": "Srigufwara", "district": "Anantang", "address": "Kasnard-Khiram", "created_at": "2016-12-01", "updated_at": "2024-08-12T19:49:25.993Z", "student_class": "7TH"}}, {"model": "students.student", "pk": 20, "fields": {"student_roll": 66, "udise_code": 1061503907, "title": "Ms", "firstname": "Shahista", "lastname": "jan", "email": "", "phone": 9419960806, "gender": "Female", "father": "Nisar Ah Gojar", "mother": "Begam Jan", "gaurdian": null, "adhaar": 847221620294, "domicile": null, "bank": 885040150001355, "photograph": null, "dob": "2011-12-01", "category": "ST", "signature": null, "town": "Anantnag", "tehsil": "Srigufwara", "district": "Anantang", "address": "Kasnard-Khiram", "created_at": "2016-12-01", "updated_at": null, "student_class": "6TH"}}, {"model": "students.student", "pk": 21, "fields": {"student_roll": 56, "udise_code": 1061503907, "title": "Mr", "firstname": "Sameer Aslam", "lastname": "Gojar khatana", "email": null, "phone": 9419015247, "gender": "Male", "father": "lt.Mohd Aslam khatana", "mother": "Zainam Banoo", "gaurdian": null, "adhaar": 886688528360, "domicile": null, "bank": 885041000000463, "photograph": null, "dob": "2011-11-11", "category": "ST", "signature": null, "town": "Anantnag", "tehsil": "Srigufwara", "district": "Anantang", "address": "Kasnard-Khiram", "created_at": "2016-12-01", "updated_at": "2024-08-12T21:33:56.211Z", "student_class": "7TH"}}, {"model": "students.student", "pk": 22, "fields": {"student_roll": 305, "udise_code": 1061503907, "title": "Mr", "firstname": "Tufail Yousuf", "lastname": "khan Gojar", "email": "", "phone": 8491055268, "gender": "Male", "father": "Mohd yousuf khan Gojar", "mother": "Sakeena Banoo", "gaurdian": null, "adhaar": 790384880070, "domicile": null, "bank": 885041200000022, "photograph": null, "dob": "2012-12-30", "category": "ST", "signature": null, "town": "Anantnag", "tehsil": "Srigufwara", "district": "Anantang", "address": "Kasnard-Khiram", "created_at": "2017-11-29", "updated_at": null, "student_class": "5TH"}}, {"model": "students.student", "pk": 23, "fields": {"student_roll": 300, "udise_code": 1061503907, "title": "Ms", "firstname": "Saima", "lastname": "irshad", "email": "", "phone": 9484203925, "gender": "Female", "father": "Irshad Ahmad Cheechi", "mother": "Jabeena Akhter", "gaurdian": null, "adhaar": 291391758076, "domicile": null, "bank": 885041000000893, "photograph": null, "dob": "2013-05-04", "category": "ST", "signature": null, "town": "Anantnag", "tehsil": "Srigufwara", "district": "Anantang", "address": "Kasnard-Khiram", "created_at": "2017-11-27", "updated_at": null, "student_class": "5TH"}}, {"model": "students.student", "pk": 24, "fields": {"student_roll": 62, "udise_code": 1061503907, "title": "Mr", "firstname": "Mohammad Waseem", "lastname": "chohan", "email": "", "phone": 6005567526, "gender": "Male", "father": "Mohd Amin Chohan", "mother": "Rubeena Banoo", "gaurdian": null, "adhaar": 441427033647, "domicile": null, "bank": 136041000001725, "photograph": null, "dob": "2011-12-12", "category": "ST", "signature": null, "town": "Anantnag", "tehsil": "Srigufwara", "district": "Anantang", "address": "Kasnard-Khiram", "created_at": "2016-12-01", "updated_at": null, "student_class": "5TH"}}, {"model": "students.student", "pk": 25, "fields": {"student_roll": 64, "udise_code": 1061503907, "title": "Mr", "firstname": "Mohammad Shameem", "lastname": "kalas Gojar", "email": "", "phone": 9469039144, "gender": "Male", "father": "Mohd Dilawar kalas Gojar", "mother": "Meewa Jan", "gaurdian": null, "adhaar": 505822164730, "domicile": null, "bank": 885041000000896, "photograph": null, "dob": "2011-12-20", "category": "ST", "signature": null, "town": "Anantnag", "tehsil": "Srigufwara", "district": "Anantang", "address": "Kasnard-Khiram", "created_at": "2017-11-24", "updated_at": null, "student_class": "5TH"}}, {"model": "students.student", "pk": 26, "fields": {"student_roll": 303, "udise_code": 1061503907, "title": "Ms", "firstname": "Amreena", "lastname": "jan", "email": "", "phone": 9419960806, "gender": "Female", "father": "Abdul Gani  Gojar chohan", "mother": "Begam Jan", "gaurdian": null, "adhaar": 916637473441, "domicile": null, "bank": 885040150000235, "photograph": null, "dob": "2013-03-10", "category": "ST", "signature": null, "town": "Anantnag", "tehsil": "Srigufwara", "district": "Anantang", "address": "Kasnard-Khiram", "created_at": "2017-11-29", "updated_at": null, "student_class": "5TH"}}, {"model": "students.student", "pk": 27, "fields": {"student_roll": 304, "udise_code": 1061503907, "title": "Ms", "firstname": "Taiba", "lastname": "Bashir", "email": "", "phone": 9906667316, "gender": "Female", "father": "Bashir Ahmad Kalas", "mother": "Sakeena Akther", "gaurdian": null, "adhaar": 237312381634, "domicile": null, "bank": 885040150001555, "photograph": null, "dob": "2012-11-05", "category": "ST", "signature": null, "town": "Anantnag", "tehsil": "Srigufwara", "district": "Anantang", "address": "Kasnard-Khiram", "created_at": "2017-11-29", "updated_at": null, "student_class": "5TH"}}, {"model": "students.student", "pk": 28, "fields": {"student_roll": 307, "udise_code": 1061503907, "title": "Ms", "firstname": "Sharish", "lastname": "amin", "email": "", "phone": 6005069394, "gender": "Female", "father": "Mohd Amin khan pood", "mother": "Rubeena Banoo", "gaurdian": null, "adhaar": 627481030616, "domicile": null, "bank": 885041200000196, "photograph": null, "dob": "2012-11-01", "category": "ST", "signature": null, "town": "Anantnag", "tehsil": "Srigufwara", "district": "Anantang", "address": "Kasnard-Khiram", "created_at": "2017-11-27", "updated_at": null, "student_class": "5TH"}}, {"model": "students.student", "pk": 29, "fields": {"student_roll": 312, "udise_code": 1061503907, "title": "Mr", "firstname": "Aasif Ishaq", "lastname": "chohan gojar", "email": "", "phone": 9906667316, "gender": "Male", "father": "Mohd Ishaq chohan", "mother": "Zaytoon Begam", "gaurdian": null, "adhaar": 375126437452, "domicile": null, "bank": 885041200000028, "photograph": null, "dob": "2013-07-07", "category": "ST", "signature": null, "town": "Anantnag", "tehsil": "Srigufwara", "district": "Anantang", "address": "Kasnard-Khiram", "created_at": "2019-03-22", "updated_at": null, "student_class": "4TH"}}, {"model": "students.student", "pk": 30, "fields": {"student_roll": 318, "udise_code": 1061503907, "title": "Mr", "firstname": "Ashaq Gulzar", "lastname": "chohan", "email": "", "phone": 6005069394, "gender": "Male", "father": "Gulzar Ahmad Chohan", "mother": "Mareyma Banoo", "gaurdian": null, "adhaar": 936131332837, "domicile": null, "bank": 88504080000265, "photograph": null, "dob": "2012-11-09", "category": "ST", "signature": null, "town": "Anantnag", "tehsil": "Srigufwara", "district": "Anantang", "address": "Kasnard-Khiram", "created_at": "2021-03-25", "updated_at": null, "student_class": "4TH"}}, {"model": "students.student", "pk": 31, "fields": {"student_roll": 311, "udise_code": 1061503907, "title": "Ms", "firstname": "Insha", "lastname": "Irshad", "email": "", "phone": 9419015247, "gender": "Female", "father": "Irshad Ahmad Chohan", "mother": "Shahnaza Banoo", "gaurdian": null, "adhaar": 667982516019, "domicile": null, "bank": 885040800000253, "photograph": null, "dob": "2013-06-13", "category": "ST", "signature": null, "town": "Anantnag", "tehsil": "Srigufwara", "district": "Anantang", "address": "Kasnard-Khiram", "created_at": "2019-03-22", "updated_at": null, "student_class": "4TH"}}, {"model": "students.student", "pk": 32, "fields": {"student_roll": 309, "udise_code": 1061503907, "title": "Mr", "firstname": "Mohamad Aaqib", "lastname": "Gojar", "email": "", "phone": 7889572638, "gender": "Male", "father": "Abdul Waheed Gojar", "mother": "Shah jahan", "gaurdian": null, "adhaar": 389475695869, "domicile": null, "bank": 885040150001740, "photograph": null, "dob": "2013-12-01", "category": "ST", "signature": null, "town": "Anantnag", "tehsil": "Srigufwara", "district": "Anantang", "address": "Kasnard-Khiram", "created_at": "2019-03-22", "updated_at": null, "student_class": "4TH"}}, {"model": "students.student", "pk": 33, "fields": {"student_roll": 306, "udise_code": 1061503907, "title": "Ms", "firstname": "ulfat", "lastname": "jan", "email": "", "phone": 6005069394, "gender": "Female", "father": "Abdul Waheed", "mother": "Shah jahan", "gaurdian": null, "adhaar": 263526265420, "domicile": null, "bank": 885040150001662, "photograph": null, "dob": "2012-08-04", "category": "ST", "signature": null, "town": "Anantnag", "tehsil": "Srigufwara", "district": "Anantang", "address": "Kasnard-Khiram", "created_at": "2017-11-29", "updated_at": null, "student_class": "4TH"}}, {"model": "students.student", "pk": 34, "fields": {"student_roll": 310, "udise_code": 1061503907, "title": "Mr", "firstname": "Asif Dilawar", "lastname": "Gojar", "email": "", "phone": 9419960806, "gender": "Male", "father": "Mohd Dilawar khan Gojar", "mother": "Shareefa Banoo", "gaurdian": null, "adhaar": 263526265420, "domicile": null, "bank": 885040150001662, "photograph": null, "dob": "2013-08-15", "category": "ST", "signature": null, "town": "Anantnag", "tehsil": "Srigufwara", "district": "Anantang", "address": "Kasnard-Khiram", "created_at": "2019-03-22", "updated_at": null, "student_class": "4TH"}}, {"model": "students.student", "pk": 35, "fields": {"student_roll": 313, "udise_code": 1061503907, "title": "Mr", "firstname": "sarfraz Aslam", "lastname": "Gojar khatana", "email": "", "phone": 9419015247, "gender": "Male", "father": "lt.Mohd Aslam khatana", "mother": "Zainam Banoo", "gaurdian": null, "adhaar": 909754197555, "domicile": null, "bank": 172040800004148, "photograph": null, "dob": "2013-03-12", "category": "ST", "signature": null, "town": "Anantnag", "tehsil": "Srigufwara", "district": "Anantang", "address": "Kasnard-Khiram", "created_at": "2020-03-12", "updated_at": null, "student_class": "3RD"}}, {"model": "students.student", "pk": 36, "fields": {"student_roll": 314, "udise_code": 1061503907, "title": "Ms", "firstname": "Tahira", "lastname": "Gulzar", "email": "", "phone": 9906667316, "gender": "Female", "father": "Gulzar Ahmad Chohan", "mother": "Mareyma Banoo", "gaurdian": null, "adhaar": 243501718386, "domicile": null, "bank": 885041000000886, "photograph": null, "dob": "2013-06-03", "category": "ST", "signature": null, "town": "Anantnag", "tehsil": "Srigufwara", "district": "Anantang", "address": "Kasnard-Khiram", "created_at": "2020-03-12", "updated_at": null, "student_class": "3RD"}}, {"model": "students.student", "pk": 37, "fields": {"student_roll": 308, "udise_code": 1061503907, "title": "Mr", "firstname": "Saqib Iqbal", "lastname": "khan Gojar", "email": "", "phone": 9419960806, "gender": "Male", "father": "Mohd Iqbal khan Gojar", "mother": "Tasleema Jan", "gaurdian": null, "adhaar": 943178597213, "domicile": null, "bank": 885040150000303, "photograph": null, "dob": "2013-08-03", "category": "ST", "signature": null, "town": "Anantnag", "tehsil": "Srigufwara", "district": "Anantang", "address": "Kasnard-Khiram", "created_at": "2019-03-22", "updated_at": null, "student_class": "3RD"}}, {"model": "students.student", "pk": 38, "fields": {"student_roll": 316, "udise_code": 1061503907, "title": "Ms", "firstname": "Sakey", "lastname": "jan", "email": "", "phone": 9469039144, "gender": "Female", "father": "Mohd Rafiq Kalas", "mother": "Raja Begam", "gaurdian": null, "adhaar": 360760821473, "domicile": null, "bank": 885040800000026, "photograph": null, "dob": "2013-03-12", "category": "ST", "signature": null, "town": "Anantnag", "tehsil": "Srigufwara", "district": "Anantang", "address": "Kasnard-Khiram", "created_at": "2020-03-12", "updated_at": null, "student_class": "3RD"}}, {"model": "students.student", "pk": 39, "fields": {"student_roll": 335, "udise_code": 1061503907, "title": "Mr", "firstname": "Shahzaib Ali", "lastname": "chohan", "email": "", "phone": 9419015247, "gender": "Male", "father": "Mohd Amin Chohan", "mother": "Rubeena Banoo", "gaurdian": null, "adhaar": 654958293741, "domicile": null, "bank": 136040800808603, "photograph": null, "dob": "2015-12-01", "category": "ST", "signature": null, "town": "Anantnag", "tehsil": "Srigufwara", "district": "Anantang", "address": "Kasnard-Khiram", "created_at": "2021-03-09", "updated_at": null, "student_class": "3RD"}}, {"model": "students.student", "pk": 40, "fields": {"student_roll": 317, "udise_code": 1061503907, "title": "Ms", "firstname": "Arooja", "lastname": "jan", "email": "", "phone": 6005069394, "gender": "Female", "father": "Mohd yousuf khan Gojar", "mother": "Sakeena Banoo", "gaurdian": null, "adhaar": 908710691896, "domicile": null, "bank": 885041200000023, "photograph": null, "dob": "2014-01-01", "category": "ST", "signature": null, "town": "Anantnag", "tehsil": "Srigufwara", "district": "Anantang", "address": "Kasnard-Khiram", "created_at": "2020-03-12", "updated_at": null, "student_class": "3RD"}}, {"model": "students.student", "pk": 41, "fields": {"student_roll": 324, "udise_code": 1061503907, "title": "Mr", "firstname": "Amir iqbal", "lastname": "khan Gojar", "email": "", "phone": 9419960806, "gender": "Male", "father": "Mohd Iqbal khan Gojar", "mother": "Tasleema Jan", "gaurdian": null, "adhaar": 589945478596, "domicile": null, "bank": 885040100002100, "photograph": null, "dob": "2014-10-25", "category": "ST", "signature": null, "town": "Anantnag", "tehsil": "Srigufwara", "district": "Anantang", "address": "Kasnard-Khiram", "created_at": "2020-12-08", "updated_at": null, "student_class": "2ND"}}, {"model": "students.student", "pk": 42, "fields": {"student_roll": 327, "udise_code": 1061503907, "title": "Mr", "firstname": "Muntazir Gani", "lastname": "Gojar chohan", "email": "", "phone": 6005139825, "gender": "Male", "father": "Abdul Gani Chouhan Gojar", "mother": "Begam Jan", "gaurdian": null, "adhaar": 727580303411, "domicile": null, "bank": 885041200000129, "photograph": null, "dob": "2015-03-09", "category": "ST", "signature": null, "town": "Anantnag", "tehsil": "Srigufwara", "district": "Anantang", "address": "Kasnard-Khiram", "created_at": "2021-03-09", "updated_at": null, "student_class": "2ND"}}, {"model": "students.student", "pk": 43, "fields": {"student_roll": 321, "udise_code": 1061503907, "title": "Ms", "firstname": "Aksa", "lastname": "Akhter", "email": "", "phone": 9906667316, "gender": "Female", "father": "Irshad Ahmad Chohan", "mother": "Shahnaza Banoo", "gaurdian": null, "adhaar": 880701170277, "domicile": null, "bank": 885041200000066, "photograph": null, "dob": "2013-08-11", "category": "ST", "signature": null, "town": "Anantnag", "tehsil": "Srigufwara", "district": "Anantang", "address": "Kasnard-Khiram", "created_at": "2020-12-02", "updated_at": null, "student_class": "2ND"}}, {"model": "students.student", "pk": 44, "fields": {"student_roll": 323, "udise_code": 1061503907, "title": "Ms", "firstname": "Amreena", "lastname": "jan", "email": "", "phone": 9906667316, "gender": "Female", "father": "Mohd Imran chohan", "mother": "Safeena Banoo", "gaurdian": null, "adhaar": 561000830568, "domicile": null, "bank": 885041200000056, "photograph": null, "dob": "2016-03-25", "category": "ST", "signature": null, "town": "Anantnag", "tehsil": "Srigufwara", "district": "Anantang", "address": "Kasnard-Khiram", "created_at": "2020-12-07", "updated_at": null, "student_class": "2ND"}}, {"model": "students.student", "pk": 45, "fields": {"student_roll": 326, "udise_code": 1061503907, "title": "Ms", "firstname": "Ruqba", "lastname": "jan", "email": "", "phone": 9469039144, "gender": "Female", "father": "Mohd Rafiq Kalas", "mother": "Raja Begam", "gaurdian": null, "adhaar": 998824171696, "domicile": null, "bank": 885041200000078, "photograph": null, "dob": "2014-08-18", "category": "ST", "signature": null, "town": "Anantnag", "tehsil": "Srigufwara", "district": "Anantang", "address": "Kasnard-Khiram", "created_at": "2021-03-09", "updated_at": null, "student_class": "2ND"}}, {"model": "students.student", "pk": 46, "fields": {"student_roll": 315, "udise_code": 1061503907, "title": "Ms", "firstname": "Samreena", "lastname": "jan", "email": "", "phone": 9484203925, "gender": "Female", "father": "Irshad Ahmad Cheechi", "mother": "Jabeena Akhter", "gaurdian": null, "adhaar": 853181004947, "domicile": null, "bank": 885041000000892, "photograph": null, "dob": "2013-01-15", "category": "ST", "signature": null, "town": "Anantnag", "tehsil": "Srigufwara", "district": "Anantang", "address": "Kasnard-Khiram", "created_at": "2020-03-12", "updated_at": null, "student_class": "2ND"}}, {"model": "students.student", "pk": 47, "fields": {"student_roll": 325, "udise_code": 1061503907, "title": "Ms", "firstname": "Mahreena", "lastname": "jan", "email": "", "phone": 9906667316, "gender": "Female", "father": "NIsar Ah Gojar", "mother": "Begam Jan", "gaurdian": null, "adhaar": 972151309904, "domicile": null, "bank": 885041200000078, "photograph": null, "dob": "2015-03-15", "category": "ST", "signature": null, "town": "Anantnag", "tehsil": "Srigufwara", "district": "Anantang", "address": "Kasnard-Khiram", "created_at": "2020-12-03", "updated_at": null, "student_class": "2ND"}}, {"model": "students.student", "pk": 48, "fields": {"student_roll": 328, "udise_code": 1061503907, "title": "Mr", "firstname": "Aamir Dilawar", "lastname": "Gojar", "email": "", "phone": 1, "gender": "Male", "father": "Mohd Dilawar Gojer", "mother": "Shareefa Banoo", "gaurdian": null, "adhaar": 681802414797, "domicile": null, "bank": 1, "photograph": null, "dob": "2015-05-15", "category": "ST", "signature": null, "town": "Anantnag", "tehsil": "Srigufwara", "district": "Anantang", "address": "Kasnard-Khiram", "created_at": "2021-04-15", "updated_at": null, "student_class": "2ND"}}, {"model": "students.student", "pk": 49, "fields": {"student_roll": 322, "udise_code": 1061503907, "title": "Ms", "firstname": "Muskan", "lastname": "jan", "email": "", "phone": 1, "gender": "Female", "father": "Mohd Ishaq pood Gojar", "mother": "Sarwa Jan", "gaurdian": null, "adhaar": 700151759309, "domicile": null, "bank": 885041200000242, "photograph": null, "dob": "2014-03-12", "category": "ST", "signature": null, "town": "Anantnag", "tehsil": "Srigufwara", "district": "Anantang", "address": "Kasnard-Khiram", "created_at": "2020-12-24", "updated_at": null, "student_class": "2ND"}}, {"model": "students.student", "pk": 50, "fields": {"student_roll": 331, "udise_code": 1061503907, "title": "Ms", "firstname": "Asmat", "lastname": "Rubbanee", "email": "", "phone": 8491055268, "gender": "Female", "father": "Gh Rubani Khatana", "mother": "zufan banoo", "gaurdian": null, "adhaar": 562117745493, "domicile": null, "bank": 885040800000018, "photograph": null, "dob": "2016-06-05", "category": "ST", "signature": null, "town": "Anantnag", "tehsil": "Srigufwara", "district": "Anantang", "address": "Kasnard-Khiram", "created_at": "2022-03-20", "updated_at": null, "student_class": "IST"}}, {"model": "students.student", "pk": 51, "fields": {"student_roll": 332, "udise_code": 1061503907, "title": "Mr", "firstname": "Mahran Ahmad", "lastname": "chohan Gojar", "email": "", "phone": 9484203925, "gender": "Male", "father": "Mohd Imran chohan", "mother": "Safeena Banoo", "gaurdian": null, "adhaar": 814848803502, "domicile": null, "bank": 885041200000080, "photograph": null, "dob": "2016-05-04", "category": "ST", "signature": null, "town": "Anantnag", "tehsil": "Srigufwara", "district": "Anantang", "address": "Kasnard-Khiram", "created_at": "2022-03-31", "updated_at": null, "student_class": "IST"}}, {"model": "students.student", "pk": 52, "fields": {"student_roll": 333, "udise_code": 1061503907, "title": "Mr", "firstname": "Arif farooq", "lastname": "Gojar", "email": "", "phone": 6005567526, "gender": "Male", "father": "Farooq Ahmad Gojar", "mother": "Gulshan Banoo", "gaurdian": null, "adhaar": 615611498041, "domicile": null, "bank": 885041200000052, "photograph": null, "dob": "2016-01-01", "category": "ST", "signature": null, "town": "Anantnag", "tehsil": "Srigufwara", "district": "Anantang", "address": "Kasnard-Khiram", "created_at": "2022-03-31", "updated_at": null, "student_class": "IST"}}, {"model": "students.student", "pk": 53, "fields": {"student_roll": 334, "udise_code": 1061503907, "title": "Mr", "firstname": "Aazim Rafiq", "lastname": "Dedar Gojar", "email": "", "phone": 1, "gender": "Male", "father": "Rafiq Ah", "mother": "Shabnum banoo", "gaurdian": null, "adhaar": 876268266065, "domicile": null, "bank": 885041000000923, "photograph": null, "dob": "2016-01-05", "category": "ST", "signature": null, "town": "Anantnag", "tehsil": "Srigufwara", "district": "Anantang", "address": "Kasnard-Khiram", "created_at": "2022-03-31", "updated_at": null, "student_class": "IST"}}, {"model": "students.student", "pk": 54, "fields": {"student_roll": 330, "udise_code": 1061503907, "title": "Mr", "firstname": "Usman Ahmad", "lastname": "Chohan Gojar", "email": "", "phone": 9906667316, "gender": "Male", "father": "Irshad Ahmad Chohan Gojar", "mother": "Shahnaza Banoo", "gaurdian": null, "adhaar": 823085578432, "domicile": null, "bank": 885041200000067, "photograph": null, "dob": "2016-04-01", "category": "ST", "signature": null, "town": "Anantnag", "tehsil": "Srigufwara", "district": "Anantang", "address": "Kasnard-Khiram", "created_at": "2022-03-31", "updated_at": null, "student_class": "IST"}}, {"model": "student_classes.studentclass", "pk": "2ND", "fields": {"section": "A", "creation_date": "2023-02-17T16:03:19.058Z"}}, {"model": "student_classes.studentclass", "pk": "3RD", "fields": {"section": "A", "creation_date": "2023-02-17T16:03:29.052Z"}}, {"model": "student_classes.studentclass", "pk": "4TH", "fields": {"section": "A", "creation_date": "2023-02-17T16:03:36.553Z"}}, {"model": "student_classes.studentclass", "pk": "5TH", "fields": {"section": "A", "creation_date": "2023-02-17T16:03:43.222Z"}}, {"model": "student_classes.studentclass", "pk": "6TH", "fields": {"section": "A", "creation_date": "2023-02-17T20:09:24.729Z"}}, {"model": "student_classes.studentclass", "pk": "7TH", "fields": {"section": "A", "creation_date": "2023-02-17T20:09:32.775Z"}}, {"model": "student_classes.studentclass", "pk": "8TH", "fields": {"section": "A", "creation_date": "2023-02-17T20:09:41.849Z"}}, {"model": "student_classes.studentclass", "pk": "Graduated", "fields": {"section": "A", "creation_date": "2024-08-08T21:52:06.948Z"}}, {"model": "student_classes.studentclass", "pk": "IST", "fields": {"section": "A", "creation_date": "2023-02-16T23:57:26.429Z"}}, {"model": "subjects.subject", "pk": 1, "fields": {"subject_name": "Math", "subject_creation_date": "2024-08-06T23:15:40.391Z", "subject_update_date": "2024-08-06T23:16:06.388Z"}}, {"model": "subjects.subject", "pk": 2, "fields": {"subject_name": "Science", "subject_creation_date": "2024-08-07T21:05:57.626Z", "subject_update_date": "2024-08-07T21:05:57.626Z"}}, {"model": "subjects.subject", "pk": 3, "fields": {"subject_name": "Social-Science", "subject_creation_date": "2024-08-07T21:06:12.174Z", "subject_update_date": "2024-08-07T21:06:12.174Z"}}, {"model": "subjects.subject", "pk": 4, "fields": {"subject_name": "English", "subject_creation_date": "2024-08-07T21:06:20.849Z", "subject_update_date": "2024-08-07T21:06:20.849Z"}}, {"model": "subjects.subject", "pk": 5, "fields": {"subject_name": "Urdu", "subject_creation_date": "2024-08-07T21:06:30.385Z", "subject_update_date": "2024-08-07T21:06:30.385Z"}}, {"model": "subjects.subject", "pk": 6, "fields": {"subject_name": "Kashmiri", "subject_creation_date": "2024-08-07T21:06:48.944Z", "subject_update_date": "2024-08-07T21:06:48.944Z"}}, {"model": "subjects.subjectcombination", "pk": 1, "fields": {"select_class": "2ND", "select_subject": 1}}, {"model": "subjects.subjectcombination", "pk": 2, "fields": {"select_class": "2ND", "select_subject": 2}}, {"model": "subjects.subjectcombination", "pk": 3, "fields": {"select_class": "2ND", "select_subject": 3}}, {"model": "subjects.subjectcombination", "pk": 4, "fields": {"select_class": "2ND", "select_subject": 4}}, {"model": "subjects.subjectcombination", "pk": 5, "fields": {"select_class": "2ND", "select_subject": 5}}, {"model": "subjects.subjectcombination", "pk": 6, "fields": {"select_class": "2ND", "select_subject": 6}}, {"model": "subjects.subjectcombination", "pk": 7, "fields": {"select_class": "3RD", "select_subject": 1}}, {"model": "subjects.subjectcombination", "pk": 8, "fields": {"select_class": "3RD", "select_subject": 2}}, {"model": "subjects.subjectcombination", "pk": 9, "fields": {"select_class": "3RD", "select_subject": 3}}, {"model": "subjects.subjectcombination", "pk": 10, "fields": {"select_class": "3RD", "select_subject": 4}}, {"model": "subjects.subjectcombination", "pk": 11, "fields": {"select_class": "3RD", "select_subject": 5}}, {"model": "subjects.subjectcombination", "pk": 12, "fields": {"select_class": "3RD", "select_subject": 6}}, {"model": "subjects.subjectcombination", "pk": 13, "fields": {"select_class": "4TH", "select_subject": 1}}, {"model": "subjects.subjectcombination", "pk": 14, "fields": {"select_class": "4TH", "select_subject": 2}}, {"model": "subjects.subjectcombination", "pk": 15, "fields": {"select_class": "4TH", "select_subject": 3}}, {"model": "subjects.subjectcombination", "pk": 16, "fields": {"select_class": "4TH", "select_subject": 4}}, {"model": "subjects.subjectcombination", "pk": 17, "fields": {"select_class": "4TH", "select_subject": 5}}, {"model": "subjects.subjectcombination", "pk": 18, "fields": {"select_class": "4TH", "select_subject": 6}}, {"model": "subjects.subjectcombination", "pk": 19, "fields": {"select_class": "5TH", "select_subject": 1}}, {"model": "subjects.subjectcombination", "pk": 20, "fields": {"select_class": "5TH", "select_subject": 2}}, {"model": "subjects.subjectcombination", "pk": 21, "fields": {"select_class": "5TH", "select_subject": 3}}, {"model": "subjects.subjectcombination", "pk": 22, "fields": {"select_class": "5TH", "select_subject": 4}}, {"model": "subjects.subjectcombination", "pk": 23, "fields": {"select_class": "5TH", "select_subject": 5}}, {"model": "subjects.subjectcombination", "pk": 24, "fields": {"select_class": "5TH", "select_subject": 6}}, {"model": "subjects.subjectcombination", "pk": 25, "fields": {"select_class": "6TH", "select_subject": 1}}, {"model": "subjects.subjectcombination", "pk": 26, "fields": {"select_class": "6TH", "select_subject": 2}}, {"model": "subjects.subjectcombination", "pk": 27, "fields": {"select_class": "6TH", "select_subject": 3}}, {"model": "subjects.subjectcombination", "pk": 28, "fields": {"select_class": "6TH", "select_subject": 4}}, {"model": "subjects.subjectcombination", "pk": 29, "fields": {"select_class": "6TH", "select_subject": 5}}, {"model": "subjects.subjectcombination", "pk": 30, "fields": {"select_class": "6TH", "select_subject": 6}}, {"model": "subjects.subjectcombination", "pk": 31, "fields": {"select_class": "7TH", "select_subject": 1}}, {"model": "subjects.subjectcombination", "pk": 32, "fields": {"select_class": "7TH", "select_subject": 2}}, {"model": "subjects.subjectcombination", "pk": 33, "fields": {"select_class": "7TH", "select_subject": 3}}, {"model": "subjects.subjectcombination", "pk": 34, "fields": {"select_class": "7TH", "select_subject": 4}}, {"model": "subjects.subjectcombination", "pk": 35, "fields": {"select_class": "7TH", "select_subject": 5}}, {"model": "subjects.subjectcombination", "pk": 36, "fields": {"select_class": "7TH", "select_subject": 6}}, {"model": "subjects.subjectcombination", "pk": 37, "fields": {"select_class": "8TH", "select_subject": 1}}, {"model": "subjects.subjectcombination", "pk": 38, "fields": {"select_class": "8TH", "select_subject": 2}}, {"model": "subjects.subjectcombination", "pk": 39, "fields": {"select_class": "8TH", "select_subject": 3}}, {"model": "subjects.subjectcombination", "pk": 40, "fields": {"select_class": "8TH", "select_subject": 4}}, {"model": "subjects.subjectcombination", "pk": 41, "fields": {"select_class": "8TH", "select_subject": 5}}, {"model": "subjects.subjectcombination", "pk": 42, "fields": {"select_class": "8TH", "select_subject": 6}}, {"model": "subjects.subjectcombination", "pk": 43, "fields": {"select_class": "IST", "select_subject": 1}}, {"model": "subjects.subjectcombination", "pk": 44, "fields": {"select_class": "IST", "select_subject": 2}}, {"model": "subjects.subjectcombination", "pk": 45, "fields": {"select_class": "IST", "select_subject": 3}}, {"model": "subjects.subjectcombination", "pk": 46, "fields": {"select_class": "IST", "select_subject": 4}}, {"model": "subjects.subjectcombination", "pk": 47, "fields": {"select_class": "IST", "select_subject": 5}}, {"model": "subjects.subjectcombination", "pk": 48, "fields": {"select_class": "IST", "select_subject": 6}}]