[{"model": "admin.logentry", "pk": 1, "fields": {"action_time": "2023-02-16T23:49:50.625Z", "user": 1, "content_type": 7, "object_id": "1", "object_repr": "sajid", "action_flag": 1, "change_message": "[{\"added\": {}}]"}}, {"model": "admin.logentry", "pk": 2, "fields": {"action_time": "2023-02-16T23:50:01.295Z", "user": 1, "content_type": 9, "object_id": "1st", "object_repr": "1st Section-a", "action_flag": 1, "change_message": "[{\"added\": {}}]"}}, {"model": "admin.logentry", "pk": 3, "fields": {"action_time": "2023-02-16T23:50:07.821Z", "user": 1, "content_type": 9, "object_id": "2ND", "object_repr": "2ND Section-a", "action_flag": 1, "change_message": "[{\"added\": {}}]"}}, {"model": "admin.logentry", "pk": 4, "fields": {"action_time": "2023-02-16T23:50:15.654Z", "user": 1, "content_type": 9, "object_id": "3RD", "object_repr": "3RD Section-A", "action_flag": 1, "change_message": "[{\"added\": {}}]"}}, {"model": "admin.logentry", "pk": 5, "fields": {"action_time": "2023-02-16T23:57:26.431Z", "user": 1, "content_type": 9, "object_id": "IST", "object_repr": "IST Section-A", "action_flag": 2, "change_message": "[{\"changed\": {\"fields\": [\"Class name\", \"Section\"]}}]"}}, {"model": "admin.logentry", "pk": 6, "fields": {"action_time": "2023-02-16T23:57:39.500Z", "user": 1, "content_type": 9, "object_id": "1st", "object_repr": "1st Section-a", "action_flag": 3, "change_message": ""}}, {"model": "admin.logentry", "pk": 7, "fields": {"action_time": "2023-02-17T15:59:45.356Z", "user": 1, "content_type": 12, "object_id": "2", "object_repr": "Sajid", "action_flag": 3, "change_message": ""}}, {"model": "admin.logentry", "pk": 8, "fields": {"action_time": "2023-02-17T16:03:05.680Z", "user": 1, "content_type": 9, "object_id": "3RD", "object_repr": "3RD Section-A", "action_flag": 3, "change_message": ""}}, {"model": "admin.logentry", "pk": 9, "fields": {"action_time": "2023-02-17T16:03:05.682Z", "user": 1, "content_type": 9, "object_id": "2ND", "object_repr": "2ND Section-a", "action_flag": 3, "change_message": ""}}, {"model": "admin.logentry", "pk": 10, "fields": {"action_time": "2023-02-17T16:03:19.059Z", "user": 1, "content_type": 9, "object_id": "2ND", "object_repr": "2ND Section-A", "action_flag": 1, "change_message": "[{\"added\": {}}]"}}, {"model": "admin.logentry", "pk": 11, "fields": {"action_time": "2023-02-17T16:03:29.053Z", "user": 1, "content_type": 9, "object_id": "3RD", "object_repr": "3RD Section-A", "action_flag": 1, "change_message": "[{\"added\": {}}]"}}, {"model": "admin.logentry", "pk": 12, "fields": {"action_time": "2023-02-17T16:03:36.554Z", "user": 1, "content_type": 9, "object_id": "4TH", "object_repr": "4TH Section-A", "action_flag": 1, "change_message": "[{\"added\": {}}]"}}, {"model": "admin.logentry", "pk": 13, "fields": {"action_time": "2023-02-17T16:03:43.223Z", "user": 1, "content_type": 9, "object_id": "5TH", "object_repr": "5TH Section-A", "action_flag": 1, "change_message": "[{\"added\": {}}]"}}, {"model": "admin.logentry", "pk": 14, "fields": {"action_time": "2023-02-17T20:09:24.731Z", "user": 1, "content_type": 9, "object_id": "6TH", "object_repr": "6TH Section-A", "action_flag": 1, "change_message": "[{\"added\": {}}]"}}, {"model": "admin.logentry", "pk": 15, "fields": {"action_time": "2023-02-17T20:09:32.777Z", "user": 1, "content_type": 9, "object_id": "7TH", "object_repr": "7TH Section-A", "action_flag": 1, "change_message": "[{\"added\": {}}]"}}, {"model": "admin.logentry", "pk": 16, "fields": {"action_time": "2023-02-17T20:09:41.851Z", "user": 1, "content_type": 9, "object_id": "8TH", "object_repr": "8TH Section-A", "action_flag": 1, "change_message": "[{\"added\": {}}]"}}, {"model": "admin.logentry", "pk": 17, "fields": {"action_time": "2023-04-22T16:54:11.969Z", "user": 1, "content_type": 7, "object_id": "4", "object_repr": "Sajid", "action_flag": 3, "change_message": ""}}, {"model": "admin.logentry", "pk": 18, "fields": {"action_time": "2023-04-22T16:54:11.973Z", "user": 1, "content_type": 7, "object_id": "3", "object_repr": "Admin", "action_flag": 3, "change_message": ""}}, {"model": "admin.logentry", "pk": 19, "fields": {"action_time": "2023-04-22T16:54:11.980Z", "user": 1, "content_type": 7, "object_id": "2", "object_repr": "Sajid", "action_flag": 3, "change_message": ""}}, {"model": "admin.logentry", "pk": 20, "fields": {"action_time": "2023-04-22T16:54:11.986Z", "user": 1, "content_type": 7, "object_id": "1", "object_repr": "sajid", "action_flag": 3, "change_message": ""}}, {"model": "admin.logentry", "pk": 21, "fields": {"action_time": "2023-04-22T17:34:08.945Z", "user": 1, "content_type": 8, "object_id": "10", "object_repr": "Sajid2023-04-22present", "action_flag": 2, "change_message": "[]"}}, {"model": "admin.logentry", "pk": 22, "fields": {"action_time": "2023-04-22T17:34:52.202Z", "user": 1, "content_type": 8, "object_id": "10", "object_repr": "Sajid2023-04-22present", "action_flag": 2, "change_message": "[]"}}, {"model": "admin.logentry", "pk": 23, "fields": {"action_time": "2023-04-25T18:27:31.204Z", "user": 1, "content_type": 8, "object_id": "13", "object_repr": "Sajid2023-04-25present", "action_flag": 2, "change_message": "[]"}}, {"model": "admin.logentry", "pk": 24, "fields": {"action_time": "2024-08-06T23:15:40.391Z", "user": 1, "content_type": 14, "object_id": "1", "object_repr": "Maths", "action_flag": 1, "change_message": "[{\"added\": {}}]"}}, {"model": "admin.logentry", "pk": 25, "fields": {"action_time": "2024-08-06T23:16:06.389Z", "user": 1, "content_type": 14, "object_id": "1", "object_repr": "Math", "action_flag": 2, "change_message": "[{\"changed\": {\"fields\": [\"Subject name\"]}}]"}}, {"model": "admin.logentry", "pk": 26, "fields": {"action_time": "2024-08-06T23:38:40.879Z", "user": 1, "content_type": 13, "object_id": "1", "object_repr": "2ND Section-A", "action_flag": 1, "change_message": "[{\"added\": {}}]"}}, {"model": "admin.logentry", "pk": 27, "fields": {"action_time": "2024-08-07T02:59:58.877Z", "user": 1, "content_type": 10, "object_id": "1", "object_repr": "2ND Section-A", "action_flag": 1, "change_message": "[{\"added\": {}}]"}}, {"model": "admin.logentry", "pk": 28, "fields": {"action_time": "2024-08-07T20:29:35.256Z", "user": 1, "content_type": 10, "object_id": "2", "object_repr": "2ND Section-A", "action_flag": 1, "change_message": "[{\"added\": {}}]"}}, {"model": "admin.logentry", "pk": 29, "fields": {"action_time": "2024-08-07T21:05:57.627Z", "user": 1, "content_type": 14, "object_id": "2", "object_repr": "Science", "action_flag": 1, "change_message": "[{\"added\": {}}]"}}, {"model": "admin.logentry", "pk": 30, "fields": {"action_time": "2024-08-07T21:06:12.175Z", "user": 1, "content_type": 14, "object_id": "3", "object_repr": "Social-Science", "action_flag": 1, "change_message": "[{\"added\": {}}]"}}, {"model": "admin.logentry", "pk": 31, "fields": {"action_time": "2024-08-07T21:06:20.850Z", "user": 1, "content_type": 14, "object_id": "4", "object_repr": "English", "action_flag": 1, "change_message": "[{\"added\": {}}]"}}, {"model": "admin.logentry", "pk": 32, "fields": {"action_time": "2024-08-07T21:06:30.386Z", "user": 1, "content_type": 14, "object_id": "5", "object_repr": "Urdu", "action_flag": 1, "change_message": "[{\"added\": {}}]"}}, {"model": "admin.logentry", "pk": 33, "fields": {"action_time": "2024-08-07T21:06:48.946Z", "user": 1, "content_type": 14, "object_id": "6", "object_repr": "Kashmiri", "action_flag": 1, "change_message": "[{\"added\": {}}]"}}, {"model": "admin.logentry", "pk": 34, "fields": {"action_time": "2024-08-07T21:07:29.695Z", "user": 1, "content_type": 13, "object_id": "1", "object_repr": "2ND Section-A", "action_flag": 2, "change_message": "[]"}}, {"model": "admin.logentry", "pk": 35, "fields": {"action_time": "2024-08-07T21:07:39.846Z", "user": 1, "content_type": 13, "object_id": "2", "object_repr": "2ND Section-A", "action_flag": 1, "change_message": "[{\"added\": {}}]"}}, {"model": "admin.logentry", "pk": 36, "fields": {"action_time": "2024-08-07T21:07:47.430Z", "user": 1, "content_type": 13, "object_id": "3", "object_repr": "2ND Section-A", "action_flag": 1, "change_message": "[{\"added\": {}}]"}}, {"model": "admin.logentry", "pk": 37, "fields": {"action_time": "2024-08-07T21:07:59.311Z", "user": 1, "content_type": 13, "object_id": "4", "object_repr": "2ND Section-A", "action_flag": 1, "change_message": "[{\"added\": {}}]"}}, {"model": "admin.logentry", "pk": 38, "fields": {"action_time": "2024-08-07T21:08:05.292Z", "user": 1, "content_type": 13, "object_id": "5", "object_repr": "2ND Section-A", "action_flag": 1, "change_message": "[{\"added\": {}}]"}}, {"model": "admin.logentry", "pk": 39, "fields": {"action_time": "2024-08-07T21:08:10.344Z", "user": 1, "content_type": 13, "object_id": "6", "object_repr": "2ND Section-A", "action_flag": 1, "change_message": "[{\"added\": {}}]"}}, {"model": "admin.logentry", "pk": 40, "fields": {"action_time": "2024-08-07T21:08:45.768Z", "user": 1, "content_type": 13, "object_id": "7", "object_repr": "3RD Section-A", "action_flag": 1, "change_message": "[{\"added\": {}}]"}}, {"model": "admin.logentry", "pk": 41, "fields": {"action_time": "2024-08-07T21:08:53.711Z", "user": 1, "content_type": 13, "object_id": "8", "object_repr": "3RD Section-A", "action_flag": 1, "change_message": "[{\"added\": {}}]"}}, {"model": "admin.logentry", "pk": 42, "fields": {"action_time": "2024-08-07T21:08:59.360Z", "user": 1, "content_type": 13, "object_id": "9", "object_repr": "3RD Section-A", "action_flag": 1, "change_message": "[{\"added\": {}}]"}}, {"model": "admin.logentry", "pk": 43, "fields": {"action_time": "2024-08-07T21:09:03.456Z", "user": 1, "content_type": 13, "object_id": "10", "object_repr": "3RD Section-A", "action_flag": 1, "change_message": "[{\"added\": {}}]"}}, {"model": "admin.logentry", "pk": 44, "fields": {"action_time": "2024-08-07T21:09:10.645Z", "user": 1, "content_type": 13, "object_id": "11", "object_repr": "3RD Section-A", "action_flag": 1, "change_message": "[{\"added\": {}}]"}}, {"model": "admin.logentry", "pk": 45, "fields": {"action_time": "2024-08-07T21:09:15.874Z", "user": 1, "content_type": 13, "object_id": "12", "object_repr": "3RD Section-A", "action_flag": 1, "change_message": "[{\"added\": {}}]"}}, {"model": "admin.logentry", "pk": 46, "fields": {"action_time": "2024-08-07T21:09:29.884Z", "user": 1, "content_type": 13, "object_id": "13", "object_repr": "4TH Section-A", "action_flag": 1, "change_message": "[{\"added\": {}}]"}}, {"model": "admin.logentry", "pk": 47, "fields": {"action_time": "2024-08-07T21:09:35.226Z", "user": 1, "content_type": 13, "object_id": "14", "object_repr": "4TH Section-A", "action_flag": 1, "change_message": "[{\"added\": {}}]"}}, {"model": "admin.logentry", "pk": 48, "fields": {"action_time": "2024-08-07T21:09:40.766Z", "user": 1, "content_type": 13, "object_id": "15", "object_repr": "4TH Section-A", "action_flag": 1, "change_message": "[{\"added\": {}}]"}}, {"model": "admin.logentry", "pk": 49, "fields": {"action_time": "2024-08-07T21:09:46.740Z", "user": 1, "content_type": 13, "object_id": "16", "object_repr": "4TH Section-A", "action_flag": 1, "change_message": "[{\"added\": {}}]"}}, {"model": "admin.logentry", "pk": 50, "fields": {"action_time": "2024-08-07T21:09:50.573Z", "user": 1, "content_type": 13, "object_id": "17", "object_repr": "4TH Section-A", "action_flag": 1, "change_message": "[{\"added\": {}}]"}}, {"model": "admin.logentry", "pk": 51, "fields": {"action_time": "2024-08-07T21:09:59.540Z", "user": 1, "content_type": 13, "object_id": "18", "object_repr": "4TH Section-A", "action_flag": 1, "change_message": "[{\"added\": {}}]"}}, {"model": "admin.logentry", "pk": 52, "fields": {"action_time": "2024-08-07T21:10:30.099Z", "user": 1, "content_type": 13, "object_id": "19", "object_repr": "5TH Section-A", "action_flag": 1, "change_message": "[{\"added\": {}}]"}}, {"model": "admin.logentry", "pk": 53, "fields": {"action_time": "2024-08-07T21:10:34.594Z", "user": 1, "content_type": 13, "object_id": "20", "object_repr": "5TH Section-A", "action_flag": 1, "change_message": "[{\"added\": {}}]"}}, {"model": "admin.logentry", "pk": 54, "fields": {"action_time": "2024-08-07T21:10:39.392Z", "user": 1, "content_type": 13, "object_id": "21", "object_repr": "5TH Section-A", "action_flag": 1, "change_message": "[{\"added\": {}}]"}}, {"model": "admin.logentry", "pk": 55, "fields": {"action_time": "2024-08-07T21:10:43.811Z", "user": 1, "content_type": 13, "object_id": "22", "object_repr": "5TH Section-A", "action_flag": 1, "change_message": "[{\"added\": {}}]"}}, {"model": "admin.logentry", "pk": 56, "fields": {"action_time": "2024-08-07T21:10:54.228Z", "user": 1, "content_type": 13, "object_id": "23", "object_repr": "5TH Section-A", "action_flag": 1, "change_message": "[{\"added\": {}}]"}}, {"model": "admin.logentry", "pk": 57, "fields": {"action_time": "2024-08-07T21:11:00.708Z", "user": 1, "content_type": 13, "object_id": "24", "object_repr": "5TH Section-A", "action_flag": 1, "change_message": "[{\"added\": {}}]"}}, {"model": "admin.logentry", "pk": 58, "fields": {"action_time": "2024-08-07T21:11:18.328Z", "user": 1, "content_type": 13, "object_id": "25", "object_repr": "6TH Section-A", "action_flag": 1, "change_message": "[{\"added\": {}}]"}}, {"model": "admin.logentry", "pk": 59, "fields": {"action_time": "2024-08-07T21:11:24.963Z", "user": 1, "content_type": 13, "object_id": "26", "object_repr": "6TH Section-A", "action_flag": 1, "change_message": "[{\"added\": {}}]"}}, {"model": "admin.logentry", "pk": 60, "fields": {"action_time": "2024-08-07T21:11:31.609Z", "user": 1, "content_type": 13, "object_id": "27", "object_repr": "6TH Section-A", "action_flag": 1, "change_message": "[{\"added\": {}}]"}}, {"model": "admin.logentry", "pk": 61, "fields": {"action_time": "2024-08-07T21:11:36.825Z", "user": 1, "content_type": 13, "object_id": "28", "object_repr": "6TH Section-A", "action_flag": 1, "change_message": "[{\"added\": {}}]"}}, {"model": "admin.logentry", "pk": 62, "fields": {"action_time": "2024-08-07T21:11:40.926Z", "user": 1, "content_type": 13, "object_id": "29", "object_repr": "6TH Section-A", "action_flag": 1, "change_message": "[{\"added\": {}}]"}}, {"model": "admin.logentry", "pk": 63, "fields": {"action_time": "2024-08-07T21:11:49.646Z", "user": 1, "content_type": 13, "object_id": "30", "object_repr": "6TH Section-A", "action_flag": 1, "change_message": "[{\"added\": {}}]"}}, {"model": "admin.logentry", "pk": 64, "fields": {"action_time": "2024-08-07T21:11:56.992Z", "user": 1, "content_type": 13, "object_id": "31", "object_repr": "7TH Section-A", "action_flag": 1, "change_message": "[{\"added\": {}}]"}}, {"model": "admin.logentry", "pk": 65, "fields": {"action_time": "2024-08-07T21:12:04.018Z", "user": 1, "content_type": 13, "object_id": "32", "object_repr": "7TH Section-A", "action_flag": 1, "change_message": "[{\"added\": {}}]"}}, {"model": "admin.logentry", "pk": 66, "fields": {"action_time": "2024-08-07T21:12:59.444Z", "user": 1, "content_type": 13, "object_id": "32", "object_repr": "7TH Section-A", "action_flag": 2, "change_message": "[]"}}, {"model": "admin.logentry", "pk": 67, "fields": {"action_time": "2024-08-07T21:13:03.660Z", "user": 1, "content_type": 13, "object_id": "33", "object_repr": "7TH Section-A", "action_flag": 1, "change_message": "[{\"added\": {}}]"}}, {"model": "admin.logentry", "pk": 68, "fields": {"action_time": "2024-08-07T21:13:08.223Z", "user": 1, "content_type": 13, "object_id": "34", "object_repr": "7TH Section-A", "action_flag": 1, "change_message": "[{\"added\": {}}]"}}, {"model": "admin.logentry", "pk": 69, "fields": {"action_time": "2024-08-07T21:13:13.291Z", "user": 1, "content_type": 13, "object_id": "35", "object_repr": "7TH Section-A", "action_flag": 1, "change_message": "[{\"added\": {}}]"}}, {"model": "admin.logentry", "pk": 70, "fields": {"action_time": "2024-08-07T21:13:18.531Z", "user": 1, "content_type": 13, "object_id": "36", "object_repr": "7TH Section-A", "action_flag": 1, "change_message": "[{\"added\": {}}]"}}, {"model": "admin.logentry", "pk": 71, "fields": {"action_time": "2024-08-07T21:13:23.771Z", "user": 1, "content_type": 13, "object_id": "37", "object_repr": "8TH Section-A", "action_flag": 1, "change_message": "[{\"added\": {}}]"}}, {"model": "admin.logentry", "pk": 72, "fields": {"action_time": "2024-08-07T21:13:31.902Z", "user": 1, "content_type": 13, "object_id": "38", "object_repr": "8TH Section-A", "action_flag": 1, "change_message": "[{\"added\": {}}]"}}, {"model": "admin.logentry", "pk": 73, "fields": {"action_time": "2024-08-07T21:13:36.109Z", "user": 1, "content_type": 13, "object_id": "39", "object_repr": "8TH Section-A", "action_flag": 1, "change_message": "[{\"added\": {}}]"}}, {"model": "admin.logentry", "pk": 74, "fields": {"action_time": "2024-08-07T21:13:42.024Z", "user": 1, "content_type": 13, "object_id": "40", "object_repr": "8TH Section-A", "action_flag": 1, "change_message": "[{\"added\": {}}]"}}, {"model": "admin.logentry", "pk": 75, "fields": {"action_time": "2024-08-07T21:13:48.027Z", "user": 1, "content_type": 13, "object_id": "41", "object_repr": "8TH Section-A", "action_flag": 1, "change_message": "[{\"added\": {}}]"}}, {"model": "admin.logentry", "pk": 76, "fields": {"action_time": "2024-08-07T21:13:53.370Z", "user": 1, "content_type": 13, "object_id": "42", "object_repr": "8TH Section-A", "action_flag": 1, "change_message": "[{\"added\": {}}]"}}, {"model": "admin.logentry", "pk": 77, "fields": {"action_time": "2024-08-07T21:14:33.451Z", "user": 1, "content_type": 13, "object_id": "43", "object_repr": "IST Section-A", "action_flag": 1, "change_message": "[{\"added\": {}}]"}}, {"model": "admin.logentry", "pk": 78, "fields": {"action_time": "2024-08-07T21:14:37.621Z", "user": 1, "content_type": 13, "object_id": "44", "object_repr": "IST Section-A", "action_flag": 1, "change_message": "[{\"added\": {}}]"}}, {"model": "admin.logentry", "pk": 79, "fields": {"action_time": "2024-08-07T21:14:45.773Z", "user": 1, "content_type": 13, "object_id": "45", "object_repr": "IST Section-A", "action_flag": 1, "change_message": "[{\"added\": {}}]"}}, {"model": "admin.logentry", "pk": 80, "fields": {"action_time": "2024-08-07T21:14:58.538Z", "user": 1, "content_type": 13, "object_id": "46", "object_repr": "IST Section-A", "action_flag": 1, "change_message": "[{\"added\": {}}]"}}, {"model": "admin.logentry", "pk": 81, "fields": {"action_time": "2024-08-07T21:15:02.965Z", "user": 1, "content_type": 13, "object_id": "47", "object_repr": "IST Section-A", "action_flag": 1, "change_message": "[{\"added\": {}}]"}}, {"model": "admin.logentry", "pk": 82, "fields": {"action_time": "2024-08-07T21:15:08.567Z", "user": 1, "content_type": 13, "object_id": "48", "object_repr": "IST Section-A", "action_flag": 1, "change_message": "[{\"added\": {}}]"}}, {"model": "admin.logentry", "pk": 83, "fields": {"action_time": "2024-08-07T22:16:57.548Z", "user": 1, "content_type": 10, "object_id": "10", "object_repr": "2ND Section-A", "action_flag": 3, "change_message": ""}}, {"model": "admin.logentry", "pk": 84, "fields": {"action_time": "2024-08-07T22:16:57.549Z", "user": 1, "content_type": 10, "object_id": "9", "object_repr": "3RD Section-A", "action_flag": 3, "change_message": ""}}, {"model": "admin.logentry", "pk": 85, "fields": {"action_time": "2024-08-07T22:16:57.550Z", "user": 1, "content_type": 10, "object_id": "8", "object_repr": "3RD Section-A", "action_flag": 3, "change_message": ""}}, {"model": "admin.logentry", "pk": 86, "fields": {"action_time": "2024-08-07T22:16:57.551Z", "user": 1, "content_type": 10, "object_id": "7", "object_repr": "3RD Section-A", "action_flag": 3, "change_message": ""}}, {"model": "admin.logentry", "pk": 87, "fields": {"action_time": "2024-08-07T22:16:57.552Z", "user": 1, "content_type": 10, "object_id": "6", "object_repr": "2ND Section-A", "action_flag": 3, "change_message": ""}}, {"model": "admin.logentry", "pk": 88, "fields": {"action_time": "2024-08-07T22:16:57.553Z", "user": 1, "content_type": 10, "object_id": "5", "object_repr": "2ND Section-A", "action_flag": 3, "change_message": ""}}, {"model": "admin.logentry", "pk": 89, "fields": {"action_time": "2024-08-07T22:16:57.553Z", "user": 1, "content_type": 10, "object_id": "4", "object_repr": "2ND Section-A", "action_flag": 3, "change_message": ""}}, {"model": "admin.logentry", "pk": 90, "fields": {"action_time": "2024-08-07T22:16:57.554Z", "user": 1, "content_type": 10, "object_id": "3", "object_repr": "2ND Section-A", "action_flag": 3, "change_message": ""}}, {"model": "admin.logentry", "pk": 91, "fields": {"action_time": "2024-08-07T22:16:57.554Z", "user": 1, "content_type": 10, "object_id": "2", "object_repr": "2ND Section-A", "action_flag": 3, "change_message": ""}}, {"model": "admin.logentry", "pk": 92, "fields": {"action_time": "2024-08-07T22:16:57.555Z", "user": 1, "content_type": 10, "object_id": "1", "object_repr": "2ND Section-A", "action_flag": 3, "change_message": ""}}, {"model": "admin.logentry", "pk": 93, "fields": {"action_time": "2024-08-08T21:40:24.708Z", "user": 1, "content_type": 11, "object_id": "55", "object_repr": "sajid", "action_flag": 3, "change_message": ""}}, {"model": "admin.logentry", "pk": 94, "fields": {"action_time": "2024-08-08T21:52:06.949Z", "user": 1, "content_type": 12, "object_id": "Graduated", "object_repr": "Graduated Section-A", "action_flag": 1, "change_message": "[{\"added\": {}}]"}}, {"model": "admin.logentry", "pk": 95, "fields": {"action_time": "2024-08-08T22:53:28.015Z", "user": 1, "content_type": 11, "object_id": "56", "object_repr": "Sajid", "action_flag": 3, "change_message": ""}}, {"model": "admin.logentry", "pk": 96, "fields": {"action_time": "2024-08-12T19:43:08.987Z", "user": 1, "content_type": 10, "object_id": "41", "object_repr": "5TH Section-A", "action_flag": 3, "change_message": ""}}, {"model": "admin.logentry", "pk": 97, "fields": {"action_time": "2024-08-12T19:43:08.988Z", "user": 1, "content_type": 10, "object_id": "40", "object_repr": "5TH Section-A", "action_flag": 3, "change_message": ""}}, {"model": "admin.logentry", "pk": 98, "fields": {"action_time": "2024-08-12T19:43:08.989Z", "user": 1, "content_type": 10, "object_id": "39", "object_repr": "5TH Section-A", "action_flag": 3, "change_message": ""}}, {"model": "admin.logentry", "pk": 99, "fields": {"action_time": "2024-08-12T19:43:08.990Z", "user": 1, "content_type": 10, "object_id": "38", "object_repr": "5TH Section-A", "action_flag": 3, "change_message": ""}}, {"model": "admin.logentry", "pk": 100, "fields": {"action_time": "2024-08-12T19:43:08.990Z", "user": 1, "content_type": 10, "object_id": "37", "object_repr": "5TH Section-A", "action_flag": 3, "change_message": ""}}, {"model": "admin.logentry", "pk": 101, "fields": {"action_time": "2024-08-12T19:43:08.991Z", "user": 1, "content_type": 10, "object_id": "36", "object_repr": "5TH Section-A", "action_flag": 3, "change_message": ""}}, {"model": "admin.logentry", "pk": 102, "fields": {"action_time": "2024-08-12T19:43:08.992Z", "user": 1, "content_type": 10, "object_id": "35", "object_repr": "4TH Section-A", "action_flag": 3, "change_message": ""}}, {"model": "admin.logentry", "pk": 103, "fields": {"action_time": "2024-08-12T19:43:08.992Z", "user": 1, "content_type": 10, "object_id": "34", "object_repr": "4TH Section-A", "action_flag": 3, "change_message": ""}}, {"model": "admin.logentry", "pk": 104, "fields": {"action_time": "2024-08-12T19:43:08.993Z", "user": 1, "content_type": 10, "object_id": "33", "object_repr": "3RD Section-A", "action_flag": 3, "change_message": ""}}, {"model": "admin.logentry", "pk": 105, "fields": {"action_time": "2024-08-12T19:43:08.994Z", "user": 1, "content_type": 10, "object_id": "32", "object_repr": "3RD Section-A", "action_flag": 3, "change_message": ""}}, {"model": "admin.logentry", "pk": 106, "fields": {"action_time": "2024-08-12T19:43:08.994Z", "user": 1, "content_type": 10, "object_id": "31", "object_repr": "3RD Section-A", "action_flag": 3, "change_message": ""}}, {"model": "admin.logentry", "pk": 107, "fields": {"action_time": "2024-08-12T19:43:08.994Z", "user": 1, "content_type": 10, "object_id": "30", "object_repr": "3RD Section-A", "action_flag": 3, "change_message": ""}}, {"model": "admin.logentry", "pk": 108, "fields": {"action_time": "2024-08-12T19:43:08.995Z", "user": 1, "content_type": 10, "object_id": "29", "object_repr": "3RD Section-A", "action_flag": 3, "change_message": ""}}, {"model": "admin.logentry", "pk": 109, "fields": {"action_time": "2024-08-12T19:43:08.995Z", "user": 1, "content_type": 10, "object_id": "28", "object_repr": "3RD Section-A", "action_flag": 3, "change_message": ""}}, {"model": "admin.logentry", "pk": 110, "fields": {"action_time": "2024-08-12T19:43:08.996Z", "user": 1, "content_type": 10, "object_id": "27", "object_repr": "6TH Section-A", "action_flag": 3, "change_message": ""}}, {"model": "admin.logentry", "pk": 111, "fields": {"action_time": "2024-08-12T19:43:08.996Z", "user": 1, "content_type": 10, "object_id": "26", "object_repr": "6TH Section-A", "action_flag": 3, "change_message": ""}}, {"model": "admin.logentry", "pk": 112, "fields": {"action_time": "2024-08-12T19:43:08.996Z", "user": 1, "content_type": 10, "object_id": "25", "object_repr": "6TH Section-A", "action_flag": 3, "change_message": ""}}, {"model": "admin.logentry", "pk": 113, "fields": {"action_time": "2024-08-12T19:43:08.997Z", "user": 1, "content_type": 10, "object_id": "24", "object_repr": "Graduated Section-A", "action_flag": 3, "change_message": ""}}, {"model": "admin.logentry", "pk": 114, "fields": {"action_time": "2024-08-12T19:43:08.997Z", "user": 1, "content_type": 10, "object_id": "23", "object_repr": "Graduated Section-A", "action_flag": 3, "change_message": ""}}, {"model": "admin.logentry", "pk": 115, "fields": {"action_time": "2024-08-12T19:43:08.998Z", "user": 1, "content_type": 10, "object_id": "22", "object_repr": "Graduated Section-A", "action_flag": 3, "change_message": ""}}, {"model": "admin.logentry", "pk": 116, "fields": {"action_time": "2024-08-12T19:43:08.998Z", "user": 1, "content_type": 10, "object_id": "21", "object_repr": "2ND Section-A", "action_flag": 3, "change_message": ""}}, {"model": "admin.logentry", "pk": 117, "fields": {"action_time": "2024-08-12T19:43:08.999Z", "user": 1, "content_type": 10, "object_id": "20", "object_repr": "IST Section-A", "action_flag": 3, "change_message": ""}}, {"model": "admin.logentry", "pk": 118, "fields": {"action_time": "2024-08-12T19:43:08.999Z", "user": 1, "content_type": 10, "object_id": "19", "object_repr": "IST Section-A", "action_flag": 3, "change_message": ""}}, {"model": "admin.logentry", "pk": 119, "fields": {"action_time": "2024-08-12T19:43:09.000Z", "user": 1, "content_type": 10, "object_id": "18", "object_repr": "IST Section-A", "action_flag": 3, "change_message": ""}}, {"model": "admin.logentry", "pk": 120, "fields": {"action_time": "2024-08-12T19:43:09.000Z", "user": 1, "content_type": 10, "object_id": "17", "object_repr": "IST Section-A", "action_flag": 3, "change_message": ""}}, {"model": "admin.logentry", "pk": 121, "fields": {"action_time": "2024-08-12T19:43:09.001Z", "user": 1, "content_type": 10, "object_id": "16", "object_repr": "IST Section-A", "action_flag": 3, "change_message": ""}}, {"model": "admin.logentry", "pk": 122, "fields": {"action_time": "2024-08-12T19:43:09.001Z", "user": 1, "content_type": 10, "object_id": "15", "object_repr": "IST Section-A", "action_flag": 3, "change_message": ""}}, {"model": "admin.logentry", "pk": 123, "fields": {"action_time": "2024-08-12T19:43:09.002Z", "user": 1, "content_type": 10, "object_id": "14", "object_repr": "IST Section-A", "action_flag": 3, "change_message": ""}}, {"model": "admin.logentry", "pk": 124, "fields": {"action_time": "2024-08-12T19:43:09.002Z", "user": 1, "content_type": 10, "object_id": "13", "object_repr": "IST Section-A", "action_flag": 3, "change_message": ""}}, {"model": "admin.logentry", "pk": 125, "fields": {"action_time": "2024-08-12T19:43:09.003Z", "user": 1, "content_type": 10, "object_id": "12", "object_repr": "IST Section-A", "action_flag": 3, "change_message": ""}}, {"model": "admin.logentry", "pk": 126, "fields": {"action_time": "2024-08-12T19:43:09.003Z", "user": 1, "content_type": 10, "object_id": "11", "object_repr": "IST Section-A", "action_flag": 3, "change_message": ""}}, {"model": "admin.logentry", "pk": 127, "fields": {"action_time": "2024-08-12T21:33:27.435Z", "user": 1, "content_type": 11, "object_id": "18", "object_repr": "Saiqa", "action_flag": 2, "change_message": "[{\"changed\": {\"fields\": [\"Student roll\"]}}]"}}, {"model": "admin.logentry", "pk": 128, "fields": {"action_time": "2024-08-12T21:33:56.212Z", "user": 1, "content_type": 11, "object_id": "21", "object_repr": "Sameer Aslam", "action_flag": 2, "change_message": "[{\"changed\": {\"fields\": [\"Student roll\"]}}]"}}, {"model": "admin.logentry", "pk": 129, "fields": {"action_time": "2024-08-12T21:34:08.846Z", "user": 1, "content_type": 11, "object_id": "18", "object_repr": "Saiqa", "action_flag": 2, "change_message": "[{\"changed\": {\"fields\": [\"Student roll\"]}}]"}}, {"model": "admin.logentry", "pk": 130, "fields": {"action_time": "2024-08-14T21:15:45.730Z", "user": 1, "content_type": 7, "object_id": "6", "object_repr": "Admin", "action_flag": 3, "change_message": ""}}, {"model": "admin.logentry", "pk": 131, "fields": {"action_time": "2024-08-19T17:45:28.096Z", "user": 1, "content_type": 11, "object_id": "54", "object_repr": "Usman Ahmad", "action_flag": 3, "change_message": ""}}, {"model": "admin.logentry", "pk": 132, "fields": {"action_time": "2024-08-19T17:45:28.099Z", "user": 1, "content_type": 11, "object_id": "53", "object_repr": "Aazim Rafiq", "action_flag": 3, "change_message": ""}}, {"model": "admin.logentry", "pk": 133, "fields": {"action_time": "2024-08-19T17:45:28.100Z", "user": 1, "content_type": 11, "object_id": "52", "object_repr": "Arif farooq", "action_flag": 3, "change_message": ""}}, {"model": "admin.logentry", "pk": 134, "fields": {"action_time": "2024-08-19T17:45:28.101Z", "user": 1, "content_type": 11, "object_id": "51", "object_repr": "Mahran Ahmad", "action_flag": 3, "change_message": ""}}, {"model": "admin.logentry", "pk": 135, "fields": {"action_time": "2024-08-19T17:45:28.101Z", "user": 1, "content_type": 11, "object_id": "50", "object_repr": "Asmat", "action_flag": 3, "change_message": ""}}, {"model": "admin.logentry", "pk": 136, "fields": {"action_time": "2024-08-19T17:45:28.102Z", "user": 1, "content_type": 11, "object_id": "49", "object_repr": "Muskan", "action_flag": 3, "change_message": ""}}, {"model": "admin.logentry", "pk": 137, "fields": {"action_time": "2024-08-19T17:45:28.103Z", "user": 1, "content_type": 11, "object_id": "48", "object_repr": "Aamir Dilawar", "action_flag": 3, "change_message": ""}}, {"model": "admin.logentry", "pk": 138, "fields": {"action_time": "2024-08-19T17:45:28.103Z", "user": 1, "content_type": 11, "object_id": "47", "object_repr": "Mahreena", "action_flag": 3, "change_message": ""}}, {"model": "admin.logentry", "pk": 139, "fields": {"action_time": "2024-08-19T17:45:28.104Z", "user": 1, "content_type": 11, "object_id": "46", "object_repr": "Samreena", "action_flag": 3, "change_message": ""}}, {"model": "admin.logentry", "pk": 140, "fields": {"action_time": "2024-08-19T17:45:28.105Z", "user": 1, "content_type": 11, "object_id": "45", "object_repr": "Ruqba", "action_flag": 3, "change_message": ""}}, {"model": "admin.logentry", "pk": 141, "fields": {"action_time": "2024-08-19T17:45:28.105Z", "user": 1, "content_type": 11, "object_id": "44", "object_repr": "Amreena", "action_flag": 3, "change_message": ""}}, {"model": "admin.logentry", "pk": 142, "fields": {"action_time": "2024-08-19T17:45:28.106Z", "user": 1, "content_type": 11, "object_id": "43", "object_repr": "Aksa", "action_flag": 3, "change_message": ""}}, {"model": "admin.logentry", "pk": 143, "fields": {"action_time": "2024-08-19T17:45:28.106Z", "user": 1, "content_type": 11, "object_id": "42", "object_repr": "Muntazir Gani", "action_flag": 3, "change_message": ""}}, {"model": "admin.logentry", "pk": 144, "fields": {"action_time": "2024-08-19T17:45:28.107Z", "user": 1, "content_type": 11, "object_id": "41", "object_repr": "Amir iqbal", "action_flag": 3, "change_message": ""}}, {"model": "admin.logentry", "pk": 145, "fields": {"action_time": "2024-08-19T17:45:28.108Z", "user": 1, "content_type": 11, "object_id": "40", "object_repr": "Arooja", "action_flag": 3, "change_message": ""}}, {"model": "admin.logentry", "pk": 146, "fields": {"action_time": "2024-08-19T17:45:28.109Z", "user": 1, "content_type": 11, "object_id": "39", "object_repr": "Shahzaib Ali", "action_flag": 3, "change_message": ""}}, {"model": "admin.logentry", "pk": 147, "fields": {"action_time": "2024-08-19T17:45:28.110Z", "user": 1, "content_type": 11, "object_id": "38", "object_repr": "Sakey", "action_flag": 3, "change_message": ""}}, {"model": "admin.logentry", "pk": 148, "fields": {"action_time": "2024-08-19T17:45:28.110Z", "user": 1, "content_type": 11, "object_id": "37", "object_repr": "Saqib Iqbal", "action_flag": 3, "change_message": ""}}, {"model": "admin.logentry", "pk": 149, "fields": {"action_time": "2024-08-19T17:45:28.111Z", "user": 1, "content_type": 11, "object_id": "36", "object_repr": "Tahira", "action_flag": 3, "change_message": ""}}, {"model": "admin.logentry", "pk": 150, "fields": {"action_time": "2024-08-19T17:45:28.112Z", "user": 1, "content_type": 11, "object_id": "35", "object_repr": "sarfraz Aslam", "action_flag": 3, "change_message": ""}}, {"model": "admin.logentry", "pk": 151, "fields": {"action_time": "2024-08-19T17:45:28.112Z", "user": 1, "content_type": 11, "object_id": "34", "object_repr": "Asif Dilawar", "action_flag": 3, "change_message": ""}}, {"model": "admin.logentry", "pk": 152, "fields": {"action_time": "2024-08-19T17:45:28.113Z", "user": 1, "content_type": 11, "object_id": "33", "object_repr": "ulfat", "action_flag": 3, "change_message": ""}}, {"model": "admin.logentry", "pk": 153, "fields": {"action_time": "2024-08-19T17:45:28.113Z", "user": 1, "content_type": 11, "object_id": "32", "object_repr": "Mohamad Aaqib", "action_flag": 3, "change_message": ""}}, {"model": "admin.logentry", "pk": 154, "fields": {"action_time": "2024-08-19T17:45:28.114Z", "user": 1, "content_type": 11, "object_id": "31", "object_repr": "Insha", "action_flag": 3, "change_message": ""}}, {"model": "admin.logentry", "pk": 155, "fields": {"action_time": "2024-08-19T17:45:28.115Z", "user": 1, "content_type": 11, "object_id": "30", "object_repr": "Ashaq Gulzar", "action_flag": 3, "change_message": ""}}, {"model": "admin.logentry", "pk": 156, "fields": {"action_time": "2024-08-19T17:45:28.115Z", "user": 1, "content_type": 11, "object_id": "29", "object_repr": "Aasif Ishaq", "action_flag": 3, "change_message": ""}}, {"model": "admin.logentry", "pk": 157, "fields": {"action_time": "2024-08-19T17:45:28.116Z", "user": 1, "content_type": 11, "object_id": "28", "object_repr": "Sharish", "action_flag": 3, "change_message": ""}}, {"model": "admin.logentry", "pk": 158, "fields": {"action_time": "2024-08-19T17:45:28.116Z", "user": 1, "content_type": 11, "object_id": "27", "object_repr": "Taiba", "action_flag": 3, "change_message": ""}}, {"model": "admin.logentry", "pk": 159, "fields": {"action_time": "2024-08-19T17:45:28.117Z", "user": 1, "content_type": 11, "object_id": "26", "object_repr": "Amreena", "action_flag": 3, "change_message": ""}}, {"model": "admin.logentry", "pk": 160, "fields": {"action_time": "2024-08-19T17:45:28.117Z", "user": 1, "content_type": 11, "object_id": "25", "object_repr": "Mohammad Shameem", "action_flag": 3, "change_message": ""}}, {"model": "admin.logentry", "pk": 161, "fields": {"action_time": "2024-08-19T17:45:28.118Z", "user": 1, "content_type": 11, "object_id": "24", "object_repr": "Mohammad Waseem", "action_flag": 3, "change_message": ""}}, {"model": "admin.logentry", "pk": 162, "fields": {"action_time": "2024-08-19T17:45:28.118Z", "user": 1, "content_type": 11, "object_id": "23", "object_repr": "Saima", "action_flag": 3, "change_message": ""}}, {"model": "admin.logentry", "pk": 163, "fields": {"action_time": "2024-08-19T17:45:28.119Z", "user": 1, "content_type": 11, "object_id": "22", "object_repr": "Tufail Yousuf", "action_flag": 3, "change_message": ""}}, {"model": "admin.logentry", "pk": 164, "fields": {"action_time": "2024-08-19T17:45:28.120Z", "user": 1, "content_type": 11, "object_id": "21", "object_repr": "Sameer Aslam", "action_flag": 3, "change_message": ""}}, {"model": "admin.logentry", "pk": 165, "fields": {"action_time": "2024-08-19T17:45:28.120Z", "user": 1, "content_type": 11, "object_id": "20", "object_repr": "Shahista", "action_flag": 3, "change_message": ""}}, {"model": "admin.logentry", "pk": 166, "fields": {"action_time": "2024-08-19T17:45:28.120Z", "user": 1, "content_type": 11, "object_id": "19", "object_repr": "Naziya", "action_flag": 3, "change_message": ""}}, {"model": "admin.logentry", "pk": 167, "fields": {"action_time": "2024-08-19T17:45:28.121Z", "user": 1, "content_type": 11, "object_id": "18", "object_repr": "Saiqa", "action_flag": 3, "change_message": ""}}, {"model": "admin.logentry", "pk": 168, "fields": {"action_time": "2024-08-19T17:45:28.121Z", "user": 1, "content_type": 11, "object_id": "17", "object_repr": "Mohammad Ashaq", "action_flag": 3, "change_message": ""}}, {"model": "admin.logentry", "pk": 169, "fields": {"action_time": "2024-08-19T17:45:28.122Z", "user": 1, "content_type": 11, "object_id": "16", "object_repr": "Naseem Dilawar", "action_flag": 3, "change_message": ""}}, {"model": "admin.logentry", "pk": 170, "fields": {"action_time": "2024-08-19T17:45:28.123Z", "user": 1, "content_type": 11, "object_id": "15", "object_repr": "Aarifa", "action_flag": 3, "change_message": ""}}, {"model": "admin.logentry", "pk": 171, "fields": {"action_time": "2024-08-19T17:45:28.123Z", "user": 1, "content_type": 11, "object_id": "14", "object_repr": "Parveena", "action_flag": 3, "change_message": ""}}, {"model": "admin.logentry", "pk": 172, "fields": {"action_time": "2024-08-19T17:45:28.124Z", "user": 1, "content_type": 11, "object_id": "13", "object_repr": "Sabiya", "action_flag": 3, "change_message": ""}}, {"model": "admin.logentry", "pk": 173, "fields": {"action_time": "2024-08-19T17:45:28.124Z", "user": 1, "content_type": 11, "object_id": "12", "object_repr": "Muneeb Bashir", "action_flag": 3, "change_message": ""}}, {"model": "admin.logentry", "pk": 174, "fields": {"action_time": "2024-08-19T17:45:28.125Z", "user": 1, "content_type": 11, "object_id": "11", "object_repr": "Kamran Manzoor", "action_flag": 3, "change_message": ""}}, {"model": "admin.logentry", "pk": 175, "fields": {"action_time": "2024-08-19T17:45:28.125Z", "user": 1, "content_type": 11, "object_id": "10", "object_repr": "Yawer farooq", "action_flag": 3, "change_message": ""}}, {"model": "admin.logentry", "pk": 176, "fields": {"action_time": "2024-08-19T17:45:28.126Z", "user": 1, "content_type": 11, "object_id": "9", "object_repr": "Ishtiyaq Ahmad", "action_flag": 3, "change_message": ""}}, {"model": "admin.logentry", "pk": 177, "fields": {"action_time": "2024-08-19T17:45:28.126Z", "user": 1, "content_type": 11, "object_id": "8", "object_repr": "Ajmal Maqbool", "action_flag": 3, "change_message": ""}}, {"model": "admin.logentry", "pk": 178, "fields": {"action_time": "2024-08-19T17:45:28.127Z", "user": 1, "content_type": 11, "object_id": "7", "object_repr": "Tariq Ahmad", "action_flag": 3, "change_message": ""}}, {"model": "admin.logentry", "pk": 179, "fields": {"action_time": "2024-08-19T17:45:28.127Z", "user": 1, "content_type": 11, "object_id": "6", "object_repr": "Mohmmad Arif", "action_flag": 3, "change_message": ""}}, {"model": "admin.logentry", "pk": 180, "fields": {"action_time": "2024-08-19T17:45:28.128Z", "user": 1, "content_type": 11, "object_id": "5", "object_repr": "Tariq Ahmad", "action_flag": 3, "change_message": ""}}, {"model": "admin.logentry", "pk": 181, "fields": {"action_time": "2024-08-19T17:45:28.128Z", "user": 1, "content_type": 11, "object_id": "4", "object_repr": "Bisma", "action_flag": 3, "change_message": ""}}, {"model": "admin.logentry", "pk": 182, "fields": {"action_time": "2024-08-19T17:45:28.129Z", "user": 1, "content_type": 11, "object_id": "3", "object_repr": "Mehnaza", "action_flag": 3, "change_message": ""}}, {"model": "admin.logentry", "pk": 183, "fields": {"action_time": "2024-08-19T17:45:28.129Z", "user": 1, "content_type": 11, "object_id": "2", "object_repr": "Nasreena", "action_flag": 3, "change_message": ""}}, {"model": "admin.logentry", "pk": 184, "fields": {"action_time": "2024-08-19T17:45:28.130Z", "user": 1, "content_type": 11, "object_id": "1", "object_repr": "Sabreena", "action_flag": 3, "change_message": ""}}, {"model": "admin.logentry", "pk": 185, "fields": {"action_time": "2024-08-19T17:58:17.965Z", "user": 1, "content_type": 11, "object_id": "1", "object_repr": "AZIM", "action_flag": 1, "change_message": "[{\"added\": {}}]"}}, {"model": "admin.logentry", "pk": 186, "fields": {"action_time": "2024-08-19T18:08:32.574Z", "user": 1, "content_type": 11, "object_id": "2", "object_repr": "Rifat", "action_flag": 3, "change_message": ""}}, {"model": "admin.logentry", "pk": 187, "fields": {"action_time": "2024-08-19T19:12:22.983Z", "user": 1, "content_type": 11, "object_id": "4", "object_repr": "UZMA", "action_flag": 3, "change_message": ""}}, {"model": "admin.logentry", "pk": 188, "fields": {"action_time": "2024-08-19T19:12:22.986Z", "user": 1, "content_type": 11, "object_id": "3", "object_repr": "RIFAT", "action_flag": 3, "change_message": ""}}, {"model": "admin.logentry", "pk": 189, "fields": {"action_time": "2024-08-19T19:42:30.224Z", "user": 1, "content_type": 11, "object_id": "5", "object_repr": "UZMA", "action_flag": 2, "change_message": "[{\"changed\": {\"fields\": [\"Title\"]}}]"}}, {"model": "admin.logentry", "pk": 190, "fields": {"action_time": "2024-08-19T19:42:42.088Z", "user": 1, "content_type": 11, "object_id": "9", "object_repr": "MUSKAN", "action_flag": 2, "change_message": "[{\"changed\": {\"fields\": [\"Title\"]}}]"}}, {"model": "admin.logentry", "pk": 191, "fields": {"action_time": "2024-08-19T19:42:50.628Z", "user": 1, "content_type": 11, "object_id": "12", "object_repr": "IQRA", "action_flag": 2, "change_message": "[{\"changed\": {\"fields\": [\"Title\"]}}]"}}, {"model": "admin.logentry", "pk": 192, "fields": {"action_time": "2024-08-19T19:43:07.466Z", "user": 1, "content_type": 11, "object_id": "14", "object_repr": "TANZEELA", "action_flag": 2, "change_message": "[{\"changed\": {\"fields\": [\"Title\"]}}]"}}, {"model": "admin.logentry", "pk": 193, "fields": {"action_time": "2024-08-19T19:43:14.484Z", "user": 1, "content_type": 11, "object_id": "15", "object_repr": "RAKIYA", "action_flag": 2, "change_message": "[{\"changed\": {\"fields\": [\"Title\"]}}]"}}, {"model": "admin.logentry", "pk": 194, "fields": {"action_time": "2024-08-19T19:43:27.762Z", "user": 1, "content_type": 11, "object_id": "17", "object_repr": "AMREENA", "action_flag": 2, "change_message": "[{\"changed\": {\"fields\": [\"Title\"]}}]"}}, {"model": "admin.logentry", "pk": 195, "fields": {"action_time": "2024-08-19T19:43:47.432Z", "user": 1, "content_type": 11, "object_id": "19", "object_repr": "ASMAT", "action_flag": 2, "change_message": "[{\"changed\": {\"fields\": [\"Title\"]}}]"}}, {"model": "admin.logentry", "pk": 196, "fields": {"action_time": "2024-08-19T19:44:00.486Z", "user": 1, "content_type": 11, "object_id": "27", "object_repr": "MUSKAN", "action_flag": 2, "change_message": "[{\"changed\": {\"fields\": [\"Title\"]}}]"}}, {"model": "admin.logentry", "pk": 197, "fields": {"action_time": "2024-08-19T19:44:12.166Z", "user": 1, "content_type": 11, "object_id": "28", "object_repr": "MAHREENA", "action_flag": 2, "change_message": "[{\"changed\": {\"fields\": [\"Title\"]}}]"}}, {"model": "admin.logentry", "pk": 198, "fields": {"action_time": "2024-08-19T19:44:26.932Z", "user": 1, "content_type": 11, "object_id": "30", "object_repr": "AKSA", "action_flag": 2, "change_message": "[{\"changed\": {\"fields\": [\"Title\"]}}]"}}, {"model": "admin.logentry", "pk": 199, "fields": {"action_time": "2024-08-19T19:44:51.033Z", "user": 1, "content_type": 11, "object_id": "33", "object_repr": "RUQBA", "action_flag": 2, "change_message": "[{\"changed\": {\"fields\": [\"Title\"]}}]"}}, {"model": "admin.logentry", "pk": 200, "fields": {"action_time": "2024-08-19T19:44:59.737Z", "user": 1, "content_type": 11, "object_id": "35", "object_repr": "SAMREENA", "action_flag": 2, "change_message": "[{\"changed\": {\"fields\": [\"Title\"]}}]"}}, {"model": "admin.logentry", "pk": 201, "fields": {"action_time": "2024-08-19T19:45:12.935Z", "user": 1, "content_type": 11, "object_id": "38", "object_repr": "TAHIRA", "action_flag": 2, "change_message": "[{\"changed\": {\"fields\": [\"Title\"]}}]"}}, {"model": "admin.logentry", "pk": 202, "fields": {"action_time": "2024-08-19T19:45:21.485Z", "user": 1, "content_type": 11, "object_id": "39", "object_repr": "AROOJA", "action_flag": 2, "change_message": "[{\"changed\": {\"fields\": [\"Title\"]}}]"}}, {"model": "admin.logentry", "pk": 203, "fields": {"action_time": "2024-08-19T19:45:35.122Z", "user": 1, "content_type": 11, "object_id": "40", "object_repr": "SAKEY", "action_flag": 2, "change_message": "[{\"changed\": {\"fields\": [\"Title\"]}}]"}}, {"model": "admin.logentry", "pk": 204, "fields": {"action_time": "2024-08-19T19:46:02.069Z", "user": 1, "content_type": 11, "object_id": "42", "object_repr": "INSHA", "action_flag": 2, "change_message": "[{\"changed\": {\"fields\": [\"Title\"]}}]"}}, {"model": "admin.logentry", "pk": 205, "fields": {"action_time": "2024-08-19T19:46:11.920Z", "user": 1, "content_type": 11, "object_id": "47", "object_repr": "ULFAT", "action_flag": 2, "change_message": "[{\"changed\": {\"fields\": [\"Title\"]}}]"}}, {"model": "admin.logentry", "pk": 206, "fields": {"action_time": "2024-08-19T19:46:20.068Z", "user": 1, "content_type": 11, "object_id": "48", "object_repr": "TAIBA", "action_flag": 2, "change_message": "[{\"changed\": {\"fields\": [\"Title\"]}}]"}}, {"model": "admin.logentry", "pk": 207, "fields": {"action_time": "2024-08-19T19:46:27.839Z", "user": 1, "content_type": 11, "object_id": "50", "object_repr": "AMREENA", "action_flag": 2, "change_message": "[{\"changed\": {\"fields\": [\"Title\"]}}]"}}, {"model": "admin.logentry", "pk": 208, "fields": {"action_time": "2024-08-19T19:46:53.871Z", "user": 1, "content_type": 11, "object_id": "51", "object_repr": "SAIMA", "action_flag": 2, "change_message": "[{\"changed\": {\"fields\": [\"Title\"]}}]"}}, {"model": "admin.logentry", "pk": 209, "fields": {"action_time": "2024-08-19T19:47:03.354Z", "user": 1, "content_type": 11, "object_id": "53", "object_repr": "SHARISH", "action_flag": 2, "change_message": "[{\"changed\": {\"fields\": [\"Title\"]}}]"}}, {"model": "admin.logentry", "pk": 210, "fields": {"action_time": "2024-08-19T19:47:09.556Z", "user": 1, "content_type": 11, "object_id": "55", "object_repr": "NAZIYA", "action_flag": 2, "change_message": "[{\"changed\": {\"fields\": [\"Title\"]}}]"}}, {"model": "admin.logentry", "pk": 211, "fields": {"action_time": "2024-08-19T19:47:26.706Z", "user": 1, "content_type": 11, "object_id": "57", "object_repr": "SHAHISTA", "action_flag": 2, "change_message": "[{\"changed\": {\"fields\": [\"Title\"]}}]"}}, {"model": "admin.logentry", "pk": 212, "fields": {"action_time": "2024-08-19T19:47:31.684Z", "user": 1, "content_type": 11, "object_id": "58", "object_repr": "PARVEENA", "action_flag": 2, "change_message": "[{\"changed\": {\"fields\": [\"Title\"]}}]"}}, {"model": "admin.logentry", "pk": 213, "fields": {"action_time": "2024-08-19T19:47:37.754Z", "user": 1, "content_type": 11, "object_id": "59", "object_repr": "AARIFA", "action_flag": 2, "change_message": "[{\"changed\": {\"fields\": [\"Title\"]}}]"}}, {"model": "admin.logentry", "pk": 214, "fields": {"action_time": "2024-08-19T19:47:47.216Z", "user": 1, "content_type": 11, "object_id": "60", "object_repr": "SAIQA", "action_flag": 2, "change_message": "[{\"changed\": {\"fields\": [\"Title\"]}}]"}}, {"model": "admin.logentry", "pk": 215, "fields": {"action_time": "2024-08-19T19:47:52.821Z", "user": 1, "content_type": 11, "object_id": "61", "object_repr": "RIFAT", "action_flag": 2, "change_message": "[]"}}, {"model": "admin.logentry", "pk": 216, "fields": {"action_time": "2024-08-21T19:41:14.977Z", "user": 1, "content_type": 9, "object_id": "5", "object_repr": "Sajid", "action_flag": 3, "change_message": ""}}, {"model": "admin.logentry", "pk": 217, "fields": {"action_time": "2024-08-21T19:41:14.979Z", "user": 1, "content_type": 9, "object_id": "4", "object_repr": "Sajid", "action_flag": 3, "change_message": ""}}, {"model": "admin.logentry", "pk": 218, "fields": {"action_time": "2024-08-21T19:41:14.980Z", "user": 1, "content_type": 9, "object_id": "3", "object_repr": "Test", "action_flag": 3, "change_message": ""}}, {"model": "admin.logentry", "pk": 219, "fields": {"action_time": "2024-08-21T19:41:14.981Z", "user": 1, "content_type": 9, "object_id": "2", "object_repr": "Test", "action_flag": 3, "change_message": ""}}, {"model": "admin.logentry", "pk": 220, "fields": {"action_time": "2024-08-21T19:44:53.491Z", "user": 1, "content_type": 11, "object_id": "62", "object_repr": "Test", "action_flag": 3, "change_message": ""}}, {"model": "admin.logentry", "pk": 221, "fields": {"action_time": "2024-08-21T19:53:56.110Z", "user": 1, "content_type": 11, "object_id": "63", "object_repr": "Sajid", "action_flag": 3, "change_message": ""}}, {"model": "admin.logentry", "pk": 222, "fields": {"action_time": "2024-08-21T20:26:22.156Z", "user": 1, "content_type": 11, "object_id": "64", "object_repr": "Sajid", "action_flag": 3, "change_message": ""}}, {"model": "admin.logentry", "pk": 223, "fields": {"action_time": "2024-08-21T20:37:35.770Z", "user": 1, "content_type": 11, "object_id": "66", "object_repr": "Test", "action_flag": 3, "change_message": ""}}, {"model": "admin.logentry", "pk": 224, "fields": {"action_time": "2024-08-21T20:37:35.772Z", "user": 1, "content_type": 11, "object_id": "65", "object_repr": "Test", "action_flag": 3, "change_message": ""}}, {"model": "admin.logentry", "pk": 225, "fields": {"action_time": "2024-08-21T20:42:12.079Z", "user": 1, "content_type": 11, "object_id": "68", "object_repr": "Test", "action_flag": 3, "change_message": ""}}, {"model": "admin.logentry", "pk": 226, "fields": {"action_time": "2024-08-21T20:42:12.081Z", "user": 1, "content_type": 11, "object_id": "67", "object_repr": "Test", "action_flag": 3, "change_message": ""}}, {"model": "admin.logentry", "pk": 227, "fields": {"action_time": "2024-08-21T21:01:44.671Z", "user": 1, "content_type": 11, "object_id": "69", "object_repr": "Test", "action_flag": 3, "change_message": ""}}, {"model": "admin.logentry", "pk": 228, "fields": {"action_time": "2024-08-21T21:04:07.386Z", "user": 1, "content_type": 11, "object_id": "70", "object_repr": "Test", "action_flag": 3, "change_message": ""}}, {"model": "admin.logentry", "pk": 229, "fields": {"action_time": "2024-08-22T07:32:00.120Z", "user": 1, "content_type": 9, "object_id": "20", "object_repr": "abc", "action_flag": 3, "change_message": ""}}, {"model": "admin.logentry", "pk": 230, "fields": {"action_time": "2024-08-22T07:32:00.121Z", "user": 1, "content_type": 9, "object_id": "19", "object_repr": "Rifat", "action_flag": 3, "change_message": ""}}, {"model": "admin.logentry", "pk": 231, "fields": {"action_time": "2024-08-22T07:32:00.123Z", "user": 1, "content_type": 9, "object_id": "18", "object_repr": "Abc", "action_flag": 3, "change_message": ""}}, {"model": "admin.logentry", "pk": 232, "fields": {"action_time": "2024-08-22T07:32:00.123Z", "user": 1, "content_type": 9, "object_id": "17", "object_repr": "Test", "action_flag": 3, "change_message": ""}}, {"model": "admin.logentry", "pk": 233, "fields": {"action_time": "2024-08-22T07:32:00.124Z", "user": 1, "content_type": 9, "object_id": "16", "object_repr": "Test", "action_flag": 3, "change_message": ""}}, {"model": "admin.logentry", "pk": 234, "fields": {"action_time": "2024-08-22T07:32:00.125Z", "user": 1, "content_type": 9, "object_id": "15", "object_repr": "Abc", "action_flag": 3, "change_message": ""}}, {"model": "admin.logentry", "pk": 235, "fields": {"action_time": "2024-08-22T23:41:55.722Z", "user": 1, "content_type": 11, "object_id": "61", "object_repr": "RIFAT", "action_flag": 2, "change_message": "[{\"changed\": {\"fields\": [\"Admission no\"]}}]"}}, {"model": "admin.logentry", "pk": 236, "fields": {"action_time": "2024-08-23T06:00:36.838Z", "user": 1, "content_type": 17, "object_id": "2", "object_repr": "AKSA AKHTER - PDF Record None", "action_flag": 3, "change_message": ""}}, {"model": "admin.logentry", "pk": 237, "fields": {"action_time": "2024-08-23T06:00:36.839Z", "user": 1, "content_type": 17, "object_id": "1", "object_repr": "PARVEENA JAN - PDF Record None", "action_flag": 3, "change_message": ""}}, {"model": "admin.logentry", "pk": 238, "fields": {"action_time": "2024-08-23T06:08:06.583Z", "user": 1, "content_type": 17, "object_id": "4", "object_repr": "RUQBA JAN - PDF Record 2", "action_flag": 3, "change_message": ""}}, {"model": "admin.logentry", "pk": 239, "fields": {"action_time": "2024-08-23T06:08:06.585Z", "user": 1, "content_type": 17, "object_id": "3", "object_repr": "MOHAMMED SHAMEEM KALAS GOJAR - PDF Record 1", "action_flag": 3, "change_message": ""}}, {"model": "admin.logentry", "pk": 240, "fields": {"action_time": "2024-08-23T06:49:21.425Z", "user": 1, "content_type": 17, "object_id": "6", "object_repr": "TAHIRA GULZAR - PDF Record 2", "action_flag": 3, "change_message": ""}}, {"model": "admin.logentry", "pk": 241, "fields": {"action_time": "2024-08-23T06:49:21.427Z", "user": 1, "content_type": 17, "object_id": "5", "object_repr": "PARVEENA JAN - PDF Record 1", "action_flag": 3, "change_message": ""}}, {"model": "admin.logentry", "pk": 242, "fields": {"action_time": "2024-08-23T07:07:58.384Z", "user": 1, "content_type": 17, "object_id": "10", "object_repr": "AAMIR DILAWAR GOJAR - PDF Record", "action_flag": 3, "change_message": ""}}, {"model": "admin.logentry", "pk": 243, "fields": {"action_time": "2024-08-23T07:07:58.385Z", "user": 1, "content_type": 17, "object_id": "9", "object_repr": "AAMIR DILAWAR GOJAR - PDF Record", "action_flag": 3, "change_message": ""}}, {"model": "admin.logentry", "pk": 244, "fields": {"action_time": "2024-08-23T07:07:58.386Z", "user": 1, "content_type": 17, "object_id": "8", "object_repr": "MUNTAZIR GANI - PDF Record", "action_flag": 3, "change_message": ""}}, {"model": "admin.logentry", "pk": 245, "fields": {"action_time": "2024-08-23T07:07:58.387Z", "user": 1, "content_type": 17, "object_id": "7", "object_repr": "MUNTAZIR GANI - PDF Record", "action_flag": 3, "change_message": ""}}, {"model": "admin.logentry", "pk": 246, "fields": {"action_time": "2024-08-23T20:44:20.968Z", "user": 1, "content_type": 17, "object_id": "15", "object_repr": "MOHAMMAD AAQIB GOJAR - PDF Record", "action_flag": 3, "change_message": ""}}, {"model": "admin.logentry", "pk": 247, "fields": {"action_time": "2024-08-23T20:44:20.969Z", "user": 1, "content_type": 17, "object_id": "14", "object_repr": "NASEEM DILAWAR KALAS GOJAR - PDF Record", "action_flag": 3, "change_message": ""}}, {"model": "admin.logentry", "pk": 248, "fields": {"action_time": "2024-08-23T20:44:20.970Z", "user": 1, "content_type": 17, "object_id": "13", "object_repr": "AAZIM RAFIQ DEDER GOJAR - PDF Record", "action_flag": 3, "change_message": ""}}, {"model": "admin.logentry", "pk": 249, "fields": {"action_time": "2024-08-23T20:44:20.971Z", "user": 1, "content_type": 17, "object_id": "12", "object_repr": "AAZIM RAFIQ DEDER GOJAR - PDF Record", "action_flag": 3, "change_message": ""}}, {"model": "admin.logentry", "pk": 250, "fields": {"action_time": "2024-08-23T20:44:20.971Z", "user": 1, "content_type": 17, "object_id": "11", "object_repr": "AAZIM RAFIQ DEDER GOJAR - PDF Record", "action_flag": 3, "change_message": ""}}, {"model": "admin.logentry", "pk": 251, "fields": {"action_time": "2024-08-23T21:49:50.354Z", "user": 1, "content_type": 17, "object_id": "18", "object_repr": "AAZIM RAFIQ DEDER GOJAR - PDF Record", "action_flag": 3, "change_message": ""}}, {"model": "admin.logentry", "pk": 252, "fields": {"action_time": "2024-08-23T21:49:50.356Z", "user": 1, "content_type": 17, "object_id": "16", "object_repr": "AAZIM RAFIQ DEDER GOJAR - PDF Record", "action_flag": 3, "change_message": ""}}, {"model": "admin.logentry", "pk": 253, "fields": {"action_time": "2024-08-23T21:49:56.368Z", "user": 1, "content_type": 17, "object_id": "17", "object_repr": "AAZIM RAFIQ DEDER GOJAR - PDF Record", "action_flag": 3, "change_message": ""}}, {"model": "admin.logentry", "pk": 254, "fields": {"action_time": "2024-08-23T22:04:06.102Z", "user": 1, "content_type": 11, "object_id": "62", "object_repr": "Test", "action_flag": 3, "change_message": ""}}, {"model": "admin.logentry", "pk": 255, "fields": {"action_time": "2024-08-24T00:29:01.479Z", "user": 1, "content_type": 17, "object_id": "31", "object_repr": "NASEEM DILAWAR KALAS GOJAR - PDF Record", "action_flag": 3, "change_message": ""}}, {"model": "admin.logentry", "pk": 256, "fields": {"action_time": "2024-08-24T00:29:01.480Z", "user": 1, "content_type": 17, "object_id": "30", "object_repr": "NASEEM DILAWAR KALAS GOJAR - PDF Record", "action_flag": 3, "change_message": ""}}, {"model": "admin.logentry", "pk": 257, "fields": {"action_time": "2024-08-24T00:29:01.481Z", "user": 1, "content_type": 17, "object_id": "29", "object_repr": "SAKEY JAN - PDF Record", "action_flag": 3, "change_message": ""}}, {"model": "admin.logentry", "pk": 258, "fields": {"action_time": "2024-08-24T00:29:01.481Z", "user": 1, "content_type": 17, "object_id": "28", "object_repr": "SAKEY JAN - PDF Record", "action_flag": 3, "change_message": ""}}, {"model": "admin.logentry", "pk": 259, "fields": {"action_time": "2024-08-24T00:29:01.482Z", "user": 1, "content_type": 17, "object_id": "27", "object_repr": "SAKEY JAN - PDF Record", "action_flag": 3, "change_message": ""}}, {"model": "admin.logentry", "pk": 260, "fields": {"action_time": "2024-08-24T00:29:01.482Z", "user": 1, "content_type": 17, "object_id": "26", "object_repr": "SAKEY JAN - PDF Record", "action_flag": 3, "change_message": ""}}, {"model": "admin.logentry", "pk": 261, "fields": {"action_time": "2024-08-24T00:29:01.483Z", "user": 1, "content_type": 17, "object_id": "25", "object_repr": "AMREENA JAN - PDF Record", "action_flag": 3, "change_message": ""}}, {"model": "admin.logentry", "pk": 262, "fields": {"action_time": "2024-08-24T00:29:01.483Z", "user": 1, "content_type": 17, "object_id": "24", "object_repr": "AMREENA JAN - PDF Record", "action_flag": 3, "change_message": ""}}, {"model": "admin.logentry", "pk": 263, "fields": {"action_time": "2024-08-24T00:29:01.484Z", "user": 1, "content_type": 17, "object_id": "23", "object_repr": "AMREENA JAN - PDF Record", "action_flag": 3, "change_message": ""}}, {"model": "admin.logentry", "pk": 264, "fields": {"action_time": "2024-08-24T00:29:01.484Z", "user": 1, "content_type": 17, "object_id": "22", "object_repr": "SAIMA IRSHAD - PDF Record", "action_flag": 3, "change_message": ""}}, {"model": "admin.logentry", "pk": 265, "fields": {"action_time": "2024-08-24T00:29:01.485Z", "user": 1, "content_type": 17, "object_id": "21", "object_repr": "PARVEENA JAN - PDF Record", "action_flag": 3, "change_message": ""}}, {"model": "admin.logentry", "pk": 266, "fields": {"action_time": "2024-08-24T00:29:01.487Z", "user": 1, "content_type": 17, "object_id": "20", "object_repr": "USMAN AHMAD CHOHAN GOJAR - PDF Record", "action_flag": 3, "change_message": ""}}, {"model": "admin.logentry", "pk": 267, "fields": {"action_time": "2024-08-24T00:29:01.487Z", "user": 1, "content_type": 17, "object_id": "19", "object_repr": "AAMIR DILAWAR GOJAR - PDF Record", "action_flag": 3, "change_message": ""}}, {"model": "admin.logentry", "pk": 268, "fields": {"action_time": "2024-08-30T06:46:52.727Z", "user": 1, "content_type": 10, "object_id": "150", "object_repr": "IST Section-A Year-2024", "action_flag": 3, "change_message": ""}}, {"model": "admin.logentry", "pk": 269, "fields": {"action_time": "2024-08-30T06:46:52.728Z", "user": 1, "content_type": 10, "object_id": "149", "object_repr": "IST Section-A Year-2024", "action_flag": 3, "change_message": ""}}, {"model": "admin.logentry", "pk": 270, "fields": {"action_time": "2024-08-30T06:46:52.729Z", "user": 1, "content_type": 10, "object_id": "148", "object_repr": "IST Section-A Year-2024", "action_flag": 3, "change_message": ""}}, {"model": "admin.logentry", "pk": 271, "fields": {"action_time": "2024-08-30T06:46:52.729Z", "user": 1, "content_type": 10, "object_id": "147", "object_repr": "IST Section-A Year-2024", "action_flag": 3, "change_message": ""}}, {"model": "admin.logentry", "pk": 272, "fields": {"action_time": "2024-08-30T06:46:52.730Z", "user": 1, "content_type": 10, "object_id": "146", "object_repr": "IST Section-A Year-2024", "action_flag": 3, "change_message": ""}}, {"model": "admin.logentry", "pk": 273, "fields": {"action_time": "2024-08-30T06:46:52.730Z", "user": 1, "content_type": 10, "object_id": "145", "object_repr": "IST Section-A Year-2024", "action_flag": 3, "change_message": ""}}, {"model": "admin.logentry", "pk": 274, "fields": {"action_time": "2024-08-30T06:46:52.731Z", "user": 1, "content_type": 10, "object_id": "144", "object_repr": "IST Section-A Year-2024", "action_flag": 3, "change_message": ""}}, {"model": "admin.logentry", "pk": 275, "fields": {"action_time": "2024-08-30T06:46:52.731Z", "user": 1, "content_type": 10, "object_id": "143", "object_repr": "IST Section-A Year-2024", "action_flag": 3, "change_message": ""}}, {"model": "admin.logentry", "pk": 276, "fields": {"action_time": "2024-08-30T06:46:52.732Z", "user": 1, "content_type": 10, "object_id": "142", "object_repr": "IST Section-A Year-2024", "action_flag": 3, "change_message": ""}}, {"model": "admin.logentry", "pk": 277, "fields": {"action_time": "2024-08-30T06:46:52.732Z", "user": 1, "content_type": 10, "object_id": "141", "object_repr": "IST Section-A Year-2024", "action_flag": 3, "change_message": ""}}, {"model": "admin.logentry", "pk": 278, "fields": {"action_time": "2024-08-30T06:46:52.733Z", "user": 1, "content_type": 10, "object_id": "140", "object_repr": "IST Section-A Year-2024", "action_flag": 3, "change_message": ""}}, {"model": "admin.logentry", "pk": 279, "fields": {"action_time": "2024-08-30T06:46:52.733Z", "user": 1, "content_type": 10, "object_id": "139", "object_repr": "IST Section-A Year-2024", "action_flag": 3, "change_message": ""}}, {"model": "admin.logentry", "pk": 280, "fields": {"action_time": "2024-08-30T06:46:52.734Z", "user": 1, "content_type": 10, "object_id": "138", "object_repr": "IST Section-A Year-2024", "action_flag": 3, "change_message": ""}}, {"model": "admin.logentry", "pk": 281, "fields": {"action_time": "2024-08-30T06:46:52.734Z", "user": 1, "content_type": 10, "object_id": "137", "object_repr": "IST Section-A Year-2024", "action_flag": 3, "change_message": ""}}, {"model": "admin.logentry", "pk": 282, "fields": {"action_time": "2024-08-30T06:46:52.735Z", "user": 1, "content_type": 10, "object_id": "136", "object_repr": "IST Section-A Year-2024", "action_flag": 3, "change_message": ""}}, {"model": "admin.logentry", "pk": 283, "fields": {"action_time": "2024-08-30T06:46:52.735Z", "user": 1, "content_type": 10, "object_id": "135", "object_repr": "IST Section-A Year-2024", "action_flag": 3, "change_message": ""}}, {"model": "admin.logentry", "pk": 284, "fields": {"action_time": "2024-08-30T06:46:52.735Z", "user": 1, "content_type": 10, "object_id": "134", "object_repr": "IST Section-A Year-2024", "action_flag": 3, "change_message": ""}}, {"model": "admin.logentry", "pk": 285, "fields": {"action_time": "2024-08-30T06:46:52.736Z", "user": 1, "content_type": 10, "object_id": "133", "object_repr": "IST Section-A Year-2024", "action_flag": 3, "change_message": ""}}, {"model": "admin.logentry", "pk": 286, "fields": {"action_time": "2024-08-30T06:46:52.736Z", "user": 1, "content_type": 10, "object_id": "132", "object_repr": "IST Section-A Year-2024", "action_flag": 3, "change_message": ""}}, {"model": "admin.logentry", "pk": 287, "fields": {"action_time": "2024-08-30T06:46:52.737Z", "user": 1, "content_type": 10, "object_id": "131", "object_repr": "2ND Section-A Year-2024", "action_flag": 3, "change_message": ""}}, {"model": "admin.logentry", "pk": 288, "fields": {"action_time": "2024-08-30T06:46:52.737Z", "user": 1, "content_type": 10, "object_id": "130", "object_repr": "2ND Section-A Year-2024", "action_flag": 3, "change_message": ""}}, {"model": "admin.logentry", "pk": 289, "fields": {"action_time": "2024-08-30T06:46:52.738Z", "user": 1, "content_type": 10, "object_id": "129", "object_repr": "2ND Section-A Year-2024", "action_flag": 3, "change_message": ""}}, {"model": "admin.logentry", "pk": 290, "fields": {"action_time": "2024-08-30T06:46:52.738Z", "user": 1, "content_type": 10, "object_id": "128", "object_repr": "2ND Section-A Year-2024", "action_flag": 3, "change_message": ""}}, {"model": "admin.logentry", "pk": 291, "fields": {"action_time": "2024-08-30T06:46:52.739Z", "user": 1, "content_type": 10, "object_id": "127", "object_repr": "2ND Section-A Year-2024", "action_flag": 3, "change_message": ""}}, {"model": "admin.logentry", "pk": 292, "fields": {"action_time": "2024-08-30T06:54:05.929Z", "user": 1, "content_type": 10, "object_id": "155", "object_repr": "IST Section-A Year-2024", "action_flag": 3, "change_message": ""}}, {"model": "admin.logentry", "pk": 293, "fields": {"action_time": "2024-08-30T06:54:05.930Z", "user": 1, "content_type": 10, "object_id": "154", "object_repr": "IST Section-A Year-2024", "action_flag": 3, "change_message": ""}}, {"model": "admin.logentry", "pk": 294, "fields": {"action_time": "2024-08-30T06:54:05.931Z", "user": 1, "content_type": 10, "object_id": "153", "object_repr": "IST Section-A Year-2024", "action_flag": 3, "change_message": ""}}, {"model": "admin.logentry", "pk": 295, "fields": {"action_time": "2024-08-30T06:54:05.932Z", "user": 1, "content_type": 10, "object_id": "152", "object_repr": "IST Section-A Year-2024", "action_flag": 3, "change_message": ""}}, {"model": "admin.logentry", "pk": 296, "fields": {"action_time": "2024-08-30T06:54:05.933Z", "user": 1, "content_type": 10, "object_id": "151", "object_repr": "IST Section-A Year-2024", "action_flag": 3, "change_message": ""}}, {"model": "admin.logentry", "pk": 297, "fields": {"action_time": "2024-08-30T07:11:18.318Z", "user": 1, "content_type": 10, "object_id": "157", "object_repr": "IST Section-A Year-2024", "action_flag": 3, "change_message": ""}}, {"model": "admin.logentry", "pk": 298, "fields": {"action_time": "2024-08-30T07:11:18.320Z", "user": 1, "content_type": 10, "object_id": "156", "object_repr": "IST Section-A Year-2024", "action_flag": 3, "change_message": ""}}, {"model": "admin.logentry", "pk": 299, "fields": {"action_time": "2024-08-30T07:48:04.697Z", "user": 1, "content_type": 10, "object_id": "158", "object_repr": "5TH Section-A Year-2024", "action_flag": 3, "change_message": ""}}, {"model": "admin.logentry", "pk": 300, "fields": {"action_time": "2024-08-30T10:04:45.198Z", "user": 1, "content_type": 11, "object_id": "63", "object_repr": "Test", "action_flag": 3, "change_message": ""}}, {"model": "auth.user", "pk": 1, "fields": {"password": "pbkdf2_sha256$720000$ZoCYVkDeM4cEjHYX656pfN$MkloT7EgkcabopsP6ekET9q0iWq8L2urBApKX0FCPVk=", "last_login": "2024-08-30T06:46:02.230Z", "is_superuser": true, "username": "admin", "first_name": "", "last_name": "", "email": "", "is_staff": true, "is_active": true, "date_joined": "2023-02-16T23:48:51.242Z", "groups": [], "user_permissions": []}}, {"model": "sessions.session", "pk": "4cl4dd02beodv294qfy5i3t4sz5fpgb0", "fields": {"session_data": ".eJxVjEEOwiAQRe_C2hDKtMC4dO8ZyACDVA0kpV0Z765NutDtf-_9l_C0rcVvnRc_J3EWgzj9boHig-sO0p3qrcnY6rrMQe6KPGiX15b4eTncv4NCvXxrFaKG7AxkSDqBzkN20WS0CJaiRhtCNpOeEuLIzGBZM4FyI5JSyqF4fwDpkDe5:1pqFxq:f7QMk4i9LXzajm7JK3o2JydQgJ7wrBqEnAcg3_s4wXY", "expire_date": "2023-05-06T16:19:54.646Z"}}, {"model": "sessions.session", "pk": "857j3bktx16qh02pxazvnxmjczkifeek", "fields": {"session_data": ".eJxVjMEOwiAQRP-FsyG6C1g8evcbmmUXpGogKe3J-O_SpAeduc2bmbcaaV3yuLY4j5Ooizqpw28WiJ-xbEAeVO5Vcy3LPAW9VfROm75Via_r3v07yNRyXydPkpARzgFcgIADC3jrQuxygEzJ0MDWC7N1SajbJGI2CQCPqD5fH305qA:1pSnzl:WJK9hNC9ZNGyiZxhblO3j2CDIcGbu8e21oL_3JBFkuo", "expire_date": "2023-03-02T23:48:57.545Z"}}, {"model": "sessions.session", "pk": "pbdbkytlirv24e6f4764g0bmn1rfcc42", "fields": {"session_data": ".eJxVjMEOwiAQRP-FsyEsYikevfcbyMLuStXQpLQn47_bJj3obTLvzbxVxHUpcW08x5HUVYE6_XYJ85PrDuiB9T7pPNVlHpPeFX3QpoeJ-HU73L-Dgq1sa0dsDJuQLDp_ZgQEkdSJD31g47aQs6AQiOGQyMsFsiUBAdsnCZ36fAEKxTko:1sjvOU:fmZJNEWiV-mQF3sQq7tgOFjj0XCbu39M5L9WIw9asfw", "expire_date": "2024-09-13T06:46:02.231Z"}}, {"model": "sessions.session", "pk": "qtif0qhpr80k074v3rtb83eqpwlxgjzp", "fields": {"session_data": ".eJxVjMEOwiAQRP-FsyEsYikevfcbyMLuStXQpLQn47_bJj3obTLvzbxVxHUpcW08x5HUVYE6_XYJ85PrDuiB9T7pPNVlHpPeFX3QpoeJ-HU73L-Dgq1sa0dsDJuQLDp_ZgQEkdSJD31g47aQs6AQiOGQyMsFsiUBAdsnCZ36fAEKxTko:1sh2II:wO-haXLKeJA_-ks6AmOhUssVwx8mH47fjzjcKvkmhn0", "expire_date": "2024-09-05T07:31:42.534Z"}}, {"model": "sessions.session", "pk": "t8t6rvzoh2z45ga3ii7pp7i39pb5urwg", "fields": {"session_data": ".eJxVjMEOwiAQRP-FsyEsYikevfcbyMLuStXQpLQn47_bJj3obTLvzbxVxHUpcW08x5HUVYE6_XYJ85PrDuiB9T7pPNVlHpPeFX3QpoeJ-HU73L-Dgq1sa0dsDJuQLDp_ZgQEkdSJD31g47aQs6AQiOGQyMsFsiUBAdsnCZ36fAEKxTko:1sbSfF:O4u53tHPxc85gGQakkS79aG5SyNiTWQIJOMZKuEbm0c", "expire_date": "2024-08-20T22:28:21.604Z"}}, {"model": "sessions.session", "pk": "tc1sf6u3fc20n1psm6kphksg7yh23ljb", "fields": {"session_data": ".eJxVjMEOwiAQRP-FsyEsYikevfcbyMLuStXQpLQn47_bJj3obTLvzbxVxHUpcW08x5HUVYE6_XYJ85PrDuiB9T7pPNVlHpPeFX3QpoeJ-HU73L-Dgq1sa0dsDJuQLDp_ZgQEkdSJD31g47aQs6AQiOGQyMsFsiUBAdsnCZ36fAEKxTko:1sgrCZ:mke1iDaeKeJR4BpJS1IT5cdheeVGrrxPibUNJo7Lvrw", "expire_date": "2024-09-04T19:41:03.486Z"}}, {"model": "users.user", "pk": 5, "fields": {"user_name": "Sajid", "password": "pbkdf2_sha256$260000$JZe2HRzxnnNz47qWzsTmhp$WefFcPZIlHf+AhKPNw3LgTjh6F49FdV6BsjGt78AbB8=", "email": "sajid@techis.io", "token": "836b6c57e9e54616ce9349d2d7f0820a0d71dcc9d764fe862f47b25558fc", "token_expires_at": "2024-08-21T22:04:30.607Z", "created_at": "2023-04-22T16:54:21.569Z", "updated_at": "2024-08-14T22:04:30.607Z"}}, {"model": "users.user", "pk": 7, "fields": {"user_name": "Admin", "password": "pbkdf2_sha256$720000$tuudvzWYK0cViuMgKHZ9zd$FvZSfgZlAQMlb5/jYxGhy2ziomx5d6Ma/+tSpxvRRC0=", "email": "admin@gmsk.in", "token": "e9aa3e2ededdea4c79dc2e3a5d3deef79a13bb544ad7a709dadeea595863", "token_expires_at": "2024-09-10T06:55:44.854Z", "created_at": "2024-08-06T22:43:36.325Z", "updated_at": "2024-09-03T06:55:44.854Z"}}, {"model": "users.user", "pk": 8, "fields": {"user_name": "Ashaq", "password": "pbkdf2_sha256$720000$FlRxnxKuYQ7i8K0RO60UmK$+gdsDv6W+AEqeJiipMMMOuj1/fmeIJbPajz4IxXtOFc=", "email": "ashaq@gmail.com", "token": "261972d069d78a6c53d7c8582378bea2827db6e08c45810ce3132d678cb8", "token_expires_at": "2024-08-27T01:39:51.374Z", "created_at": "2024-08-20T01:39:51.375Z", "updated_at": "2024-08-20T01:39:51.375Z"}}, {"model": "attendance.attendance", "pk": 1, "fields": {"user": 5, "date": "2024-08-06", "imageUrl": "image/upload/v1722980202/rdziwslncegn5lanl8ym.jpg", "create_at": "2024-08-06T21:36:42.567Z", "status": "duty", "location": "Lat:12.932801870125166 & Lng: 77.61417126595457,Bengaluru, KA"}}, {"model": "attendance.attendance", "pk": 2, "fields": {"user": 5, "date": "2024-08-06", "imageUrl": "image/upload/v1722980501/d7g6spuivfqca7p1bdpk.jpg", "create_at": "2024-08-06T21:41:41.976Z", "status": "duty", "location": "Lat:12.93279082650217 & Lng: 77.6141684381156,Bengaluru, KA"}}, {"model": "attendance.attendance", "pk": 3, "fields": {"user": 5, "date": "2024-08-06", "imageUrl": "image/upload/v1722982102/xek6thrbk8kb4325lwqt.jpg", "create_at": "2024-08-06T22:08:22.678Z", "status": "duty", "location": "Lat:12.932769575581979 & Lng: 77.61413858102267,Bengaluru, KA"}}, {"model": "attendance.attendance", "pk": 4, "fields": {"user": 5, "date": "2024-08-06", "imageUrl": "image/upload/v1722982508/il8gm1tehjz1rjsaox5k.jpg", "create_at": "2024-08-06T22:15:09.272Z", "status": "duty", "location": "Lat:12.932813175400517 & Lng: 77.61417827825457,Bengaluru, KA"}}, {"model": "attendance.attendance", "pk": 5, "fields": {"user": 5, "date": "2024-08-06", "imageUrl": "image/upload/v1722983945/dfcroby5i83chuqktbus.jpg", "create_at": "2024-08-06T22:39:06.241Z", "status": "duty", "location": "Lat:12.932785600355142 & Lng: 77.61414925064442,Bengaluru, KA"}}, {"model": "attendance.attendance", "pk": 6, "fields": {"user": 5, "date": "2024-08-08", "imageUrl": "image/upload/v1723075845/ikkhakrqyogeyrdawvki.jpg", "create_at": "2024-08-08T00:10:46.379Z", "status": "duty", "location": "Lat:12.932777613828804 & Lng: 77.6141522461015,Bengaluru, KA"}}, {"model": "attendance.attendance", "pk": 7, "fields": {"user": 5, "date": "2024-08-08", "imageUrl": "image/upload/v1723076159/nt5pkttixyrzpsartimo.jpg", "create_at": "2024-08-08T00:15:59.611Z", "status": "duty", "location": "Lat:12.932780851872675 & Lng: 77.61415516144916,Bengaluru, KA"}}, {"model": "attendance.attendance", "pk": 8, "fields": {"user": 5, "date": "2024-08-08", "imageUrl": "image/upload/v1723077622/j72gfdrdf2c97twasuj0.jpg", "create_at": "2024-08-08T00:40:22.741Z", "status": "duty", "location": "Lat:12.93277761413006 & Lng: 77.61415224620852,Bengaluru, KA"}}, {"model": "attendance.attendance", "pk": 9, "fields": {"user": 5, "date": "2024-08-08", "imageUrl": "image/upload/v1723084089/hliw5tcngsuifdllahdy.jpg", "create_at": "2024-08-08T02:28:09.533Z", "status": "duty", "location": "Lat:12.925455343165428 & Lng: 77.61558762509696,Bengaluru, KA"}}, {"model": "attendance.attendance", "pk": 10, "fields": {"user": 5, "date": "2024-08-08", "imageUrl": null, "create_at": "2024-08-08T02:47:19.649Z", "status": "duty", "location": "Lat:12.92553471896667 & Lng: 77.61553937985,Bengaluru, KA"}}, {"model": "attendance.attendance", "pk": 11, "fields": {"user": 5, "date": "2024-08-08", "imageUrl": null, "create_at": "2024-08-08T02:51:59.192Z", "status": "duty", "location": "Lat:12.925591146586926 & Lng: 77.6156491395808,Bengaluru, KA"}}, {"model": "attendance.attendance", "pk": 12, "fields": {"user": 5, "date": "2024-08-08", "imageUrl": null, "create_at": "2024-08-08T02:57:31.539Z", "status": "leave", "location": "Lat:12.925536269463011 & Lng: 77.61561374185275,Bengaluru, KA"}}, {"model": "attendance.attendance", "pk": 13, "fields": {"user": 5, "date": "2024-08-08", "imageUrl": null, "create_at": "2024-08-08T03:12:36.969Z", "status": "duty", "location": "Lat:12.9254872483448 & Lng: 77.61559779281495,Bengaluru, KA"}}, {"model": "attendance.attendance", "pk": 14, "fields": {"user": 5, "date": "2024-08-08", "imageUrl": null, "create_at": "2024-08-08T03:25:29.066Z", "status": "leave", "location": "Lat:12.925515290208299 & Lng: 77.615635659638, GMS K-Gojran"}}, {"model": "attendance.attendance", "pk": 15, "fields": {"user": 5, "date": "2024-08-08", "imageUrl": null, "create_at": "2024-08-08T03:27:52.630Z", "status": "leave", "location": "Lat:12.925687038371434 & Lng: 77.61559918086782, GMS K-Gojran"}}, {"model": "attendance.attendance", "pk": 16, "fields": {"user": 5, "date": "2024-08-08", "imageUrl": "image/upload/v1723087702/lv3fdwwpvn4uryvycaqa.jpg", "create_at": "2024-08-08T03:28:23.343Z", "status": "duty", "location": "Lat:12.925687038371434 & Lng: 77.61559918086782, GMS K-Gojran"}}, {"model": "attendance.attendance", "pk": 17, "fields": {"user": 5, "date": "2024-08-14", "imageUrl": null, "create_at": "2024-08-14T21:22:11.670Z", "status": "duty", "location": "Lat:12.932784668289612 & Lng: 77.61415570777228, GMS K-Gojran"}}, {"model": "results.declareresult", "pk": 19, "fields": {"select_class": "8TH", "subject": 4, "select_student": 54, "marks_obtained": 74, "total_marks": 100, "published": true, "year": 2024}}, {"model": "results.declareresult", "pk": 20, "fields": {"select_class": "8TH", "subject": 1, "select_student": 54, "marks_obtained": 92, "total_marks": 100, "published": true, "year": 2024}}, {"model": "results.declareresult", "pk": 21, "fields": {"select_class": "8TH", "subject": 2, "select_student": 54, "marks_obtained": 90, "total_marks": 100, "published": true, "year": 2024}}, {"model": "results.declareresult", "pk": 22, "fields": {"select_class": "8TH", "subject": 3, "select_student": 54, "marks_obtained": 78, "total_marks": 100, "published": true, "year": 2024}}, {"model": "results.declareresult", "pk": 23, "fields": {"select_class": "8TH", "subject": 5, "select_student": 54, "marks_obtained": 92, "total_marks": 100, "published": true, "year": 2024}}, {"model": "results.declareresult", "pk": 24, "fields": {"select_class": "8TH", "subject": 6, "select_student": 54, "marks_obtained": 82, "total_marks": 100, "published": true, "year": 2024}}, {"model": "results.declareresult", "pk": 25, "fields": {"select_class": "8TH", "subject": 4, "select_student": 55, "marks_obtained": 80, "total_marks": 100, "published": true, "year": 2024}}, {"model": "results.declareresult", "pk": 26, "fields": {"select_class": "8TH", "subject": 1, "select_student": 55, "marks_obtained": 77, "total_marks": 100, "published": true, "year": 2024}}, {"model": "results.declareresult", "pk": 27, "fields": {"select_class": "8TH", "subject": 2, "select_student": 55, "marks_obtained": 88, "total_marks": 100, "published": true, "year": 2024}}, {"model": "results.declareresult", "pk": 28, "fields": {"select_class": "8TH", "subject": 3, "select_student": 55, "marks_obtained": 73, "total_marks": 100, "published": true, "year": 2024}}, {"model": "results.declareresult", "pk": 29, "fields": {"select_class": "8TH", "subject": 5, "select_student": 55, "marks_obtained": 92, "total_marks": 100, "published": true, "year": 2024}}, {"model": "results.declareresult", "pk": 30, "fields": {"select_class": "8TH", "subject": 6, "select_student": 55, "marks_obtained": 77, "total_marks": 100, "published": true, "year": 2024}}, {"model": "results.declareresult", "pk": 31, "fields": {"select_class": "8TH", "subject": 4, "select_student": 56, "marks_obtained": 68, "total_marks": 100, "published": true, "year": 2024}}, {"model": "results.declareresult", "pk": 32, "fields": {"select_class": "8TH", "subject": 1, "select_student": 56, "marks_obtained": 68, "total_marks": 100, "published": true, "year": 2024}}, {"model": "results.declareresult", "pk": 33, "fields": {"select_class": "8TH", "subject": 2, "select_student": 56, "marks_obtained": 80, "total_marks": 100, "published": true, "year": 2024}}, {"model": "results.declareresult", "pk": 34, "fields": {"select_class": "8TH", "subject": 3, "select_student": 56, "marks_obtained": 59, "total_marks": 100, "published": true, "year": 2024}}, {"model": "results.declareresult", "pk": 35, "fields": {"select_class": "8TH", "subject": 5, "select_student": 56, "marks_obtained": 72, "total_marks": 100, "published": true, "year": 2024}}, {"model": "results.declareresult", "pk": 36, "fields": {"select_class": "8TH", "subject": 6, "select_student": 56, "marks_obtained": 69, "total_marks": 100, "published": true, "year": 2024}}, {"model": "results.declareresult", "pk": 37, "fields": {"select_class": "8TH", "subject": 4, "select_student": 57, "marks_obtained": 79, "total_marks": 100, "published": true, "year": 2024}}, {"model": "results.declareresult", "pk": 38, "fields": {"select_class": "8TH", "subject": 1, "select_student": 57, "marks_obtained": 76, "total_marks": 100, "published": true, "year": 2024}}, {"model": "results.declareresult", "pk": 39, "fields": {"select_class": "8TH", "subject": 2, "select_student": 57, "marks_obtained": 78, "total_marks": 100, "published": true, "year": 2024}}, {"model": "results.declareresult", "pk": 40, "fields": {"select_class": "8TH", "subject": 3, "select_student": 57, "marks_obtained": 73, "total_marks": 100, "published": true, "year": 2024}}, {"model": "results.declareresult", "pk": 41, "fields": {"select_class": "8TH", "subject": 5, "select_student": 57, "marks_obtained": 87, "total_marks": 100, "published": true, "year": 2024}}, {"model": "results.declareresult", "pk": 42, "fields": {"select_class": "8TH", "subject": 6, "select_student": 57, "marks_obtained": 76, "total_marks": 100, "published": true, "year": 2024}}, {"model": "results.declareresult", "pk": 43, "fields": {"select_class": "8TH", "subject": 4, "select_student": 58, "marks_obtained": 75, "total_marks": 100, "published": true, "year": 2024}}, {"model": "results.declareresult", "pk": 44, "fields": {"select_class": "8TH", "subject": 1, "select_student": 58, "marks_obtained": 83, "total_marks": 100, "published": true, "year": 2024}}, {"model": "results.declareresult", "pk": 45, "fields": {"select_class": "8TH", "subject": 2, "select_student": 58, "marks_obtained": 77, "total_marks": 100, "published": true, "year": 2024}}, {"model": "results.declareresult", "pk": 46, "fields": {"select_class": "8TH", "subject": 3, "select_student": 58, "marks_obtained": 74, "total_marks": 100, "published": true, "year": 2024}}, {"model": "results.declareresult", "pk": 47, "fields": {"select_class": "8TH", "subject": 5, "select_student": 58, "marks_obtained": 84, "total_marks": 100, "published": true, "year": 2024}}, {"model": "results.declareresult", "pk": 48, "fields": {"select_class": "8TH", "subject": 6, "select_student": 58, "marks_obtained": 70, "total_marks": 100, "published": true, "year": 2024}}, {"model": "results.declareresult", "pk": 49, "fields": {"select_class": "8TH", "subject": 4, "select_student": 59, "marks_obtained": 73, "total_marks": 100, "published": true, "year": 2024}}, {"model": "results.declareresult", "pk": 50, "fields": {"select_class": "8TH", "subject": 1, "select_student": 59, "marks_obtained": 71, "total_marks": 100, "published": true, "year": 2024}}, {"model": "results.declareresult", "pk": 51, "fields": {"select_class": "8TH", "subject": 2, "select_student": 59, "marks_obtained": 77, "total_marks": 100, "published": true, "year": 2024}}, {"model": "results.declareresult", "pk": 52, "fields": {"select_class": "8TH", "subject": 3, "select_student": 59, "marks_obtained": 75, "total_marks": 100, "published": true, "year": 2024}}, {"model": "results.declareresult", "pk": 53, "fields": {"select_class": "8TH", "subject": 5, "select_student": 59, "marks_obtained": 77, "total_marks": 100, "published": true, "year": 2024}}, {"model": "results.declareresult", "pk": 54, "fields": {"select_class": "8TH", "subject": 6, "select_student": 59, "marks_obtained": 70, "total_marks": 100, "published": true, "year": 2024}}, {"model": "results.declareresult", "pk": 55, "fields": {"select_class": "8TH", "subject": 4, "select_student": 60, "marks_obtained": 71, "total_marks": 100, "published": true, "year": 2024}}, {"model": "results.declareresult", "pk": 56, "fields": {"select_class": "8TH", "subject": 1, "select_student": 60, "marks_obtained": 73, "total_marks": 100, "published": true, "year": 2024}}, {"model": "results.declareresult", "pk": 57, "fields": {"select_class": "8TH", "subject": 2, "select_student": 60, "marks_obtained": 73, "total_marks": 100, "published": true, "year": 2024}}, {"model": "results.declareresult", "pk": 58, "fields": {"select_class": "8TH", "subject": 3, "select_student": 60, "marks_obtained": 76, "total_marks": 100, "published": true, "year": 2024}}, {"model": "results.declareresult", "pk": 59, "fields": {"select_class": "8TH", "subject": 5, "select_student": 60, "marks_obtained": 85, "total_marks": 100, "published": true, "year": 2024}}, {"model": "results.declareresult", "pk": 60, "fields": {"select_class": "8TH", "subject": 6, "select_student": 60, "marks_obtained": 80, "total_marks": 100, "published": true, "year": 2024}}, {"model": "results.declareresult", "pk": 61, "fields": {"select_class": "7TH", "subject": 4, "select_student": 48, "marks_obtained": 80, "total_marks": 100, "published": true, "year": 2024}}, {"model": "results.declareresult", "pk": 62, "fields": {"select_class": "7TH", "subject": 1, "select_student": 48, "marks_obtained": 68, "total_marks": 100, "published": true, "year": 2024}}, {"model": "results.declareresult", "pk": 63, "fields": {"select_class": "7TH", "subject": 2, "select_student": 48, "marks_obtained": 73, "total_marks": 100, "published": true, "year": 2024}}, {"model": "results.declareresult", "pk": 64, "fields": {"select_class": "7TH", "subject": 3, "select_student": 48, "marks_obtained": 69, "total_marks": 100, "published": true, "year": 2024}}, {"model": "results.declareresult", "pk": 65, "fields": {"select_class": "7TH", "subject": 5, "select_student": 48, "marks_obtained": 85, "total_marks": 100, "published": true, "year": 2024}}, {"model": "results.declareresult", "pk": 66, "fields": {"select_class": "7TH", "subject": 6, "select_student": 48, "marks_obtained": 86, "total_marks": 100, "published": true, "year": 2024}}, {"model": "results.declareresult", "pk": 67, "fields": {"select_class": "7TH", "subject": 4, "select_student": 49, "marks_obtained": 79, "total_marks": 100, "published": true, "year": 2024}}, {"model": "results.declareresult", "pk": 68, "fields": {"select_class": "7TH", "subject": 1, "select_student": 49, "marks_obtained": 72, "total_marks": 100, "published": true, "year": 2024}}, {"model": "results.declareresult", "pk": 69, "fields": {"select_class": "7TH", "subject": 2, "select_student": 49, "marks_obtained": 70, "total_marks": 100, "published": true, "year": 2024}}, {"model": "results.declareresult", "pk": 70, "fields": {"select_class": "7TH", "subject": 3, "select_student": 49, "marks_obtained": 78, "total_marks": 100, "published": true, "year": 2024}}, {"model": "results.declareresult", "pk": 71, "fields": {"select_class": "7TH", "subject": 5, "select_student": 49, "marks_obtained": 83, "total_marks": 100, "published": true, "year": 2024}}, {"model": "results.declareresult", "pk": 72, "fields": {"select_class": "7TH", "subject": 6, "select_student": 49, "marks_obtained": 88, "total_marks": 100, "published": true, "year": 2024}}, {"model": "results.declareresult", "pk": 73, "fields": {"select_class": "7TH", "subject": 4, "select_student": 50, "marks_obtained": 83, "total_marks": 100, "published": true, "year": 2024}}, {"model": "results.declareresult", "pk": 74, "fields": {"select_class": "7TH", "subject": 1, "select_student": 50, "marks_obtained": 70, "total_marks": 100, "published": true, "year": 2024}}, {"model": "results.declareresult", "pk": 75, "fields": {"select_class": "7TH", "subject": 2, "select_student": 50, "marks_obtained": 68, "total_marks": 100, "published": true, "year": 2024}}, {"model": "results.declareresult", "pk": 76, "fields": {"select_class": "7TH", "subject": 3, "select_student": 50, "marks_obtained": 77, "total_marks": 100, "published": true, "year": 2024}}, {"model": "results.declareresult", "pk": 77, "fields": {"select_class": "7TH", "subject": 5, "select_student": 50, "marks_obtained": 71, "total_marks": 100, "published": true, "year": 2024}}, {"model": "results.declareresult", "pk": 78, "fields": {"select_class": "7TH", "subject": 6, "select_student": 50, "marks_obtained": 82, "total_marks": 100, "published": true, "year": 2024}}, {"model": "results.declareresult", "pk": 79, "fields": {"select_class": "7TH", "subject": 4, "select_student": 51, "marks_obtained": 76, "total_marks": 100, "published": true, "year": 2024}}, {"model": "results.declareresult", "pk": 80, "fields": {"select_class": "7TH", "subject": 1, "select_student": 51, "marks_obtained": 75, "total_marks": 100, "published": true, "year": 2024}}, {"model": "results.declareresult", "pk": 81, "fields": {"select_class": "7TH", "subject": 2, "select_student": 51, "marks_obtained": 75, "total_marks": 100, "published": true, "year": 2024}}, {"model": "results.declareresult", "pk": 82, "fields": {"select_class": "7TH", "subject": 3, "select_student": 51, "marks_obtained": 72, "total_marks": 100, "published": true, "year": 2024}}, {"model": "results.declareresult", "pk": 83, "fields": {"select_class": "7TH", "subject": 5, "select_student": 51, "marks_obtained": 81, "total_marks": 100, "published": true, "year": 2024}}, {"model": "results.declareresult", "pk": 84, "fields": {"select_class": "7TH", "subject": 6, "select_student": 51, "marks_obtained": 93, "total_marks": 100, "published": true, "year": 2024}}, {"model": "results.declareresult", "pk": 85, "fields": {"select_class": "7TH", "subject": 4, "select_student": 52, "marks_obtained": 82, "total_marks": 100, "published": true, "year": 2024}}, {"model": "results.declareresult", "pk": 86, "fields": {"select_class": "7TH", "subject": 1, "select_student": 52, "marks_obtained": 78, "total_marks": 100, "published": true, "year": 2024}}, {"model": "results.declareresult", "pk": 87, "fields": {"select_class": "7TH", "subject": 2, "select_student": 52, "marks_obtained": 72, "total_marks": 100, "published": true, "year": 2024}}, {"model": "results.declareresult", "pk": 88, "fields": {"select_class": "7TH", "subject": 3, "select_student": 52, "marks_obtained": 63, "total_marks": 100, "published": true, "year": 2024}}, {"model": "results.declareresult", "pk": 89, "fields": {"select_class": "7TH", "subject": 5, "select_student": 52, "marks_obtained": 77, "total_marks": 100, "published": true, "year": 2024}}, {"model": "results.declareresult", "pk": 90, "fields": {"select_class": "7TH", "subject": 6, "select_student": 52, "marks_obtained": 80, "total_marks": 100, "published": true, "year": 2024}}, {"model": "results.declareresult", "pk": 91, "fields": {"select_class": "7TH", "subject": 4, "select_student": 53, "marks_obtained": 65, "total_marks": 100, "published": true, "year": 2024}}, {"model": "results.declareresult", "pk": 92, "fields": {"select_class": "7TH", "subject": 1, "select_student": 53, "marks_obtained": 67, "total_marks": 100, "published": true, "year": 2024}}, {"model": "results.declareresult", "pk": 93, "fields": {"select_class": "7TH", "subject": 2, "select_student": 53, "marks_obtained": 69, "total_marks": 100, "published": true, "year": 2024}}, {"model": "results.declareresult", "pk": 94, "fields": {"select_class": "7TH", "subject": 3, "select_student": 53, "marks_obtained": 68, "total_marks": 100, "published": true, "year": 2024}}, {"model": "results.declareresult", "pk": 95, "fields": {"select_class": "7TH", "subject": 5, "select_student": 53, "marks_obtained": 63, "total_marks": 100, "published": true, "year": 2024}}, {"model": "results.declareresult", "pk": 96, "fields": {"select_class": "7TH", "subject": 6, "select_student": 53, "marks_obtained": 84, "total_marks": 100, "published": true, "year": 2024}}, {"model": "results.declareresult", "pk": 97, "fields": {"select_class": "6TH", "subject": 4, "select_student": 42, "marks_obtained": 75, "total_marks": 100, "published": true, "year": 2024}}, {"model": "results.declareresult", "pk": 98, "fields": {"select_class": "6TH", "subject": 1, "select_student": 42, "marks_obtained": 75, "total_marks": 100, "published": true, "year": 2024}}, {"model": "results.declareresult", "pk": 99, "fields": {"select_class": "6TH", "subject": 2, "select_student": 42, "marks_obtained": 88, "total_marks": 100, "published": true, "year": 2024}}, {"model": "results.declareresult", "pk": 100, "fields": {"select_class": "6TH", "subject": 5, "select_student": 42, "marks_obtained": 82, "total_marks": 100, "published": true, "year": 2024}}, {"model": "results.declareresult", "pk": 101, "fields": {"select_class": "6TH", "subject": 6, "select_student": 42, "marks_obtained": 78, "total_marks": 100, "published": true, "year": 2024}}, {"model": "results.declareresult", "pk": 102, "fields": {"select_class": "6TH", "subject": 4, "select_student": 43, "marks_obtained": 71, "total_marks": 100, "published": true, "year": 2024}}, {"model": "results.declareresult", "pk": 103, "fields": {"select_class": "6TH", "subject": 1, "select_student": 43, "marks_obtained": 81, "total_marks": 100, "published": true, "year": 2024}}, {"model": "results.declareresult", "pk": 104, "fields": {"select_class": "6TH", "subject": 2, "select_student": 43, "marks_obtained": 67, "total_marks": 100, "published": true, "year": 2024}}, {"model": "results.declareresult", "pk": 105, "fields": {"select_class": "6TH", "subject": 5, "select_student": 43, "marks_obtained": 67, "total_marks": 100, "published": true, "year": 2024}}, {"model": "results.declareresult", "pk": 106, "fields": {"select_class": "6TH", "subject": 6, "select_student": 43, "marks_obtained": 70, "total_marks": 100, "published": true, "year": 2024}}, {"model": "results.declareresult", "pk": 107, "fields": {"select_class": "6TH", "subject": 4, "select_student": 44, "marks_obtained": 66, "total_marks": 100, "published": true, "year": 2024}}, {"model": "results.declareresult", "pk": 108, "fields": {"select_class": "6TH", "subject": 1, "select_student": 44, "marks_obtained": 72, "total_marks": 100, "published": true, "year": 2024}}, {"model": "results.declareresult", "pk": 109, "fields": {"select_class": "6TH", "subject": 2, "select_student": 44, "marks_obtained": 79, "total_marks": 100, "published": true, "year": 2024}}, {"model": "results.declareresult", "pk": 110, "fields": {"select_class": "6TH", "subject": 5, "select_student": 44, "marks_obtained": 69, "total_marks": 100, "published": true, "year": 2024}}, {"model": "results.declareresult", "pk": 111, "fields": {"select_class": "6TH", "subject": 6, "select_student": 44, "marks_obtained": 69, "total_marks": 100, "published": true, "year": 2024}}, {"model": "results.declareresult", "pk": 112, "fields": {"select_class": "6TH", "subject": 4, "select_student": 45, "marks_obtained": 67, "total_marks": 100, "published": true, "year": 2024}}, {"model": "results.declareresult", "pk": 113, "fields": {"select_class": "6TH", "subject": 1, "select_student": 45, "marks_obtained": 87, "total_marks": 100, "published": true, "year": 2024}}, {"model": "results.declareresult", "pk": 114, "fields": {"select_class": "6TH", "subject": 2, "select_student": 45, "marks_obtained": 79, "total_marks": 100, "published": true, "year": 2024}}, {"model": "results.declareresult", "pk": 115, "fields": {"select_class": "6TH", "subject": 5, "select_student": 45, "marks_obtained": 66, "total_marks": 100, "published": true, "year": 2024}}, {"model": "results.declareresult", "pk": 116, "fields": {"select_class": "6TH", "subject": 6, "select_student": 45, "marks_obtained": 69, "total_marks": 100, "published": true, "year": 2024}}, {"model": "results.declareresult", "pk": 117, "fields": {"select_class": "6TH", "subject": 4, "select_student": 46, "marks_obtained": 75, "total_marks": 100, "published": true, "year": 2024}}, {"model": "results.declareresult", "pk": 118, "fields": {"select_class": "6TH", "subject": 1, "select_student": 46, "marks_obtained": 88, "total_marks": 100, "published": true, "year": 2024}}, {"model": "results.declareresult", "pk": 119, "fields": {"select_class": "6TH", "subject": 2, "select_student": 46, "marks_obtained": 81, "total_marks": 100, "published": true, "year": 2024}}, {"model": "results.declareresult", "pk": 120, "fields": {"select_class": "6TH", "subject": 5, "select_student": 46, "marks_obtained": 82, "total_marks": 100, "published": true, "year": 2024}}, {"model": "results.declareresult", "pk": 121, "fields": {"select_class": "6TH", "subject": 6, "select_student": 46, "marks_obtained": 78, "total_marks": 100, "published": true, "year": 2024}}, {"model": "results.declareresult", "pk": 122, "fields": {"select_class": "6TH", "subject": 4, "select_student": 47, "marks_obtained": 62, "total_marks": 100, "published": true, "year": 2024}}, {"model": "results.declareresult", "pk": 123, "fields": {"select_class": "6TH", "subject": 1, "select_student": 47, "marks_obtained": 71, "total_marks": 100, "published": true, "year": 2024}}, {"model": "results.declareresult", "pk": 124, "fields": {"select_class": "6TH", "subject": 2, "select_student": 47, "marks_obtained": 82, "total_marks": 100, "published": true, "year": 2024}}, {"model": "results.declareresult", "pk": 125, "fields": {"select_class": "6TH", "subject": 5, "select_student": 47, "marks_obtained": 73, "total_marks": 100, "published": true, "year": 2024}}, {"model": "results.declareresult", "pk": 126, "fields": {"select_class": "6TH", "subject": 6, "select_student": 47, "marks_obtained": 66, "total_marks": 100, "published": true, "year": 2024}}, {"model": "results.declareresult", "pk": 159, "fields": {"select_class": "5TH", "subject": 4, "select_student": 36, "marks_obtained": 72, "total_marks": 100, "published": true, "year": 2024}}, {"model": "results.declareresult", "pk": 160, "fields": {"select_class": "5TH", "subject": 1, "select_student": 36, "marks_obtained": 89, "total_marks": 100, "published": true, "year": 2024}}, {"model": "results.declareresult", "pk": 161, "fields": {"select_class": "5TH", "subject": 2, "select_student": 36, "marks_obtained": 76, "total_marks": 100, "published": true, "year": 2024}}, {"model": "results.declareresult", "pk": 162, "fields": {"select_class": "5TH", "subject": 5, "select_student": 36, "marks_obtained": 87, "total_marks": 100, "published": true, "year": 2024}}, {"model": "results.declareresult", "pk": 163, "fields": {"select_class": "5TH", "subject": 6, "select_student": 36, "marks_obtained": 77, "total_marks": 100, "published": true, "year": 2024}}, {"model": "results.declareresult", "pk": 164, "fields": {"select_class": "5TH", "subject": 4, "select_student": 37, "marks_obtained": 76, "total_marks": 100, "published": true, "year": 2024}}, {"model": "results.declareresult", "pk": 165, "fields": {"select_class": "5TH", "subject": 1, "select_student": 37, "marks_obtained": 63, "total_marks": 100, "published": true, "year": 2024}}, {"model": "results.declareresult", "pk": 166, "fields": {"select_class": "5TH", "subject": 2, "select_student": 37, "marks_obtained": 71, "total_marks": 100, "published": true, "year": 2024}}, {"model": "results.declareresult", "pk": 167, "fields": {"select_class": "5TH", "subject": 5, "select_student": 37, "marks_obtained": 65, "total_marks": 100, "published": true, "year": 2024}}, {"model": "results.declareresult", "pk": 168, "fields": {"select_class": "5TH", "subject": 6, "select_student": 37, "marks_obtained": 75, "total_marks": 100, "published": true, "year": 2024}}, {"model": "results.declareresult", "pk": 169, "fields": {"select_class": "5TH", "subject": 4, "select_student": 38, "marks_obtained": 79, "total_marks": 100, "published": true, "year": 2024}}, {"model": "results.declareresult", "pk": 170, "fields": {"select_class": "5TH", "subject": 1, "select_student": 38, "marks_obtained": 77, "total_marks": 100, "published": true, "year": 2024}}, {"model": "results.declareresult", "pk": 171, "fields": {"select_class": "5TH", "subject": 2, "select_student": 38, "marks_obtained": 82, "total_marks": 100, "published": true, "year": 2024}}, {"model": "results.declareresult", "pk": 172, "fields": {"select_class": "5TH", "subject": 5, "select_student": 38, "marks_obtained": 80, "total_marks": 100, "published": true, "year": 2024}}, {"model": "results.declareresult", "pk": 173, "fields": {"select_class": "5TH", "subject": 6, "select_student": 38, "marks_obtained": 81, "total_marks": 100, "published": true, "year": 2024}}, {"model": "results.declareresult", "pk": 174, "fields": {"select_class": "5TH", "subject": 4, "select_student": 39, "marks_obtained": 86, "total_marks": 100, "published": true, "year": 2024}}, {"model": "results.declareresult", "pk": 175, "fields": {"select_class": "5TH", "subject": 1, "select_student": 39, "marks_obtained": 90, "total_marks": 100, "published": true, "year": 2024}}, {"model": "results.declareresult", "pk": 176, "fields": {"select_class": "5TH", "subject": 2, "select_student": 39, "marks_obtained": 84, "total_marks": 100, "published": true, "year": 2024}}, {"model": "results.declareresult", "pk": 177, "fields": {"select_class": "5TH", "subject": 5, "select_student": 39, "marks_obtained": 74, "total_marks": 100, "published": true, "year": 2024}}, {"model": "results.declareresult", "pk": 178, "fields": {"select_class": "5TH", "subject": 6, "select_student": 39, "marks_obtained": 78, "total_marks": 100, "published": true, "year": 2024}}, {"model": "results.declareresult", "pk": 179, "fields": {"select_class": "5TH", "subject": 4, "select_student": 40, "marks_obtained": 82, "total_marks": 100, "published": true, "year": 2024}}, {"model": "results.declareresult", "pk": 180, "fields": {"select_class": "5TH", "subject": 1, "select_student": 40, "marks_obtained": 86, "total_marks": 100, "published": true, "year": 2024}}, {"model": "results.declareresult", "pk": 181, "fields": {"select_class": "5TH", "subject": 2, "select_student": 40, "marks_obtained": 75, "total_marks": 100, "published": true, "year": 2024}}, {"model": "results.declareresult", "pk": 182, "fields": {"select_class": "5TH", "subject": 5, "select_student": 40, "marks_obtained": 75, "total_marks": 100, "published": true, "year": 2024}}, {"model": "results.declareresult", "pk": 183, "fields": {"select_class": "5TH", "subject": 6, "select_student": 40, "marks_obtained": 78, "total_marks": 100, "published": true, "year": 2024}}, {"model": "results.declareresult", "pk": 184, "fields": {"select_class": "4TH", "subject": 4, "select_student": 27, "marks_obtained": 75, "total_marks": 100, "published": true, "year": 2024}}, {"model": "results.declareresult", "pk": 185, "fields": {"select_class": "4TH", "subject": 1, "select_student": 27, "marks_obtained": 88, "total_marks": 100, "published": true, "year": 2024}}, {"model": "results.declareresult", "pk": 186, "fields": {"select_class": "4TH", "subject": 2, "select_student": 27, "marks_obtained": 87, "total_marks": 100, "published": true, "year": 2024}}, {"model": "results.declareresult", "pk": 187, "fields": {"select_class": "4TH", "subject": 5, "select_student": 27, "marks_obtained": 82, "total_marks": 100, "published": true, "year": 2024}}, {"model": "results.declareresult", "pk": 188, "fields": {"select_class": "4TH", "subject": 6, "select_student": 27, "marks_obtained": 87, "total_marks": 100, "published": true, "year": 2024}}, {"model": "results.declareresult", "pk": 189, "fields": {"select_class": "4TH", "subject": 4, "select_student": 28, "marks_obtained": 76, "total_marks": 100, "published": true, "year": 2024}}, {"model": "results.declareresult", "pk": 190, "fields": {"select_class": "4TH", "subject": 1, "select_student": 28, "marks_obtained": 86, "total_marks": 100, "published": true, "year": 2024}}, {"model": "results.declareresult", "pk": 191, "fields": {"select_class": "4TH", "subject": 2, "select_student": 28, "marks_obtained": 91, "total_marks": 100, "published": true, "year": 2024}}, {"model": "results.declareresult", "pk": 192, "fields": {"select_class": "4TH", "subject": 5, "select_student": 28, "marks_obtained": 80, "total_marks": 100, "published": true, "year": 2024}}, {"model": "results.declareresult", "pk": 193, "fields": {"select_class": "4TH", "subject": 6, "select_student": 28, "marks_obtained": 77, "total_marks": 100, "published": true, "year": 2024}}, {"model": "results.declareresult", "pk": 194, "fields": {"select_class": "4TH", "subject": 4, "select_student": 29, "marks_obtained": 83, "total_marks": 100, "published": true, "year": 2024}}, {"model": "results.declareresult", "pk": 195, "fields": {"select_class": "4TH", "subject": 1, "select_student": 29, "marks_obtained": 80, "total_marks": 100, "published": true, "year": 2024}}, {"model": "results.declareresult", "pk": 196, "fields": {"select_class": "4TH", "subject": 2, "select_student": 29, "marks_obtained": 85, "total_marks": 100, "published": true, "year": 2024}}, {"model": "results.declareresult", "pk": 197, "fields": {"select_class": "4TH", "subject": 5, "select_student": 29, "marks_obtained": 75, "total_marks": 100, "published": true, "year": 2024}}, {"model": "results.declareresult", "pk": 198, "fields": {"select_class": "4TH", "subject": 6, "select_student": 29, "marks_obtained": 81, "total_marks": 100, "published": true, "year": 2024}}, {"model": "results.declareresult", "pk": 199, "fields": {"select_class": "4TH", "subject": 4, "select_student": 30, "marks_obtained": 81, "total_marks": 100, "published": true, "year": 2024}}, {"model": "results.declareresult", "pk": 200, "fields": {"select_class": "4TH", "subject": 1, "select_student": 30, "marks_obtained": 82, "total_marks": 100, "published": true, "year": 2024}}, {"model": "results.declareresult", "pk": 201, "fields": {"select_class": "4TH", "subject": 2, "select_student": 30, "marks_obtained": 91, "total_marks": 100, "published": true, "year": 2024}}, {"model": "results.declareresult", "pk": 202, "fields": {"select_class": "4TH", "subject": 5, "select_student": 30, "marks_obtained": 80, "total_marks": 100, "published": true, "year": 2024}}, {"model": "results.declareresult", "pk": 203, "fields": {"select_class": "4TH", "subject": 6, "select_student": 30, "marks_obtained": 81, "total_marks": 100, "published": true, "year": 2024}}, {"model": "results.declareresult", "pk": 204, "fields": {"select_class": "4TH", "subject": 4, "select_student": 31, "marks_obtained": 81, "total_marks": 100, "published": true, "year": 2024}}, {"model": "results.declareresult", "pk": 205, "fields": {"select_class": "4TH", "subject": 1, "select_student": 31, "marks_obtained": 81, "total_marks": 100, "published": true, "year": 2024}}, {"model": "results.declareresult", "pk": 206, "fields": {"select_class": "4TH", "subject": 2, "select_student": 31, "marks_obtained": 87, "total_marks": 100, "published": true, "year": 2024}}, {"model": "results.declareresult", "pk": 207, "fields": {"select_class": "4TH", "subject": 5, "select_student": 31, "marks_obtained": 78, "total_marks": 100, "published": true, "year": 2024}}, {"model": "results.declareresult", "pk": 208, "fields": {"select_class": "4TH", "subject": 6, "select_student": 31, "marks_obtained": 76, "total_marks": 100, "published": true, "year": 2024}}, {"model": "results.declareresult", "pk": 209, "fields": {"select_class": "4TH", "subject": 4, "select_student": 32, "marks_obtained": 82, "total_marks": 100, "published": true, "year": 2024}}, {"model": "results.declareresult", "pk": 210, "fields": {"select_class": "4TH", "subject": 1, "select_student": 32, "marks_obtained": 87, "total_marks": 100, "published": true, "year": 2024}}, {"model": "results.declareresult", "pk": 211, "fields": {"select_class": "4TH", "subject": 2, "select_student": 32, "marks_obtained": 89, "total_marks": 100, "published": true, "year": 2024}}, {"model": "results.declareresult", "pk": 212, "fields": {"select_class": "4TH", "subject": 5, "select_student": 32, "marks_obtained": 84, "total_marks": 100, "published": true, "year": 2024}}, {"model": "results.declareresult", "pk": 213, "fields": {"select_class": "4TH", "subject": 6, "select_student": 32, "marks_obtained": 76, "total_marks": 100, "published": true, "year": 2024}}, {"model": "results.declareresult", "pk": 214, "fields": {"select_class": "4TH", "subject": 4, "select_student": 33, "marks_obtained": 74, "total_marks": 100, "published": true, "year": 2024}}, {"model": "results.declareresult", "pk": 215, "fields": {"select_class": "4TH", "subject": 1, "select_student": 33, "marks_obtained": 79, "total_marks": 100, "published": true, "year": 2024}}, {"model": "results.declareresult", "pk": 216, "fields": {"select_class": "4TH", "subject": 2, "select_student": 33, "marks_obtained": 85, "total_marks": 100, "published": true, "year": 2024}}, {"model": "results.declareresult", "pk": 217, "fields": {"select_class": "4TH", "subject": 5, "select_student": 33, "marks_obtained": 82, "total_marks": 100, "published": true, "year": 2024}}, {"model": "results.declareresult", "pk": 218, "fields": {"select_class": "4TH", "subject": 6, "select_student": 33, "marks_obtained": 80, "total_marks": 100, "published": true, "year": 2024}}, {"model": "results.declareresult", "pk": 219, "fields": {"select_class": "4TH", "subject": 4, "select_student": 34, "marks_obtained": 77, "total_marks": 100, "published": true, "year": 2024}}, {"model": "results.declareresult", "pk": 220, "fields": {"select_class": "4TH", "subject": 1, "select_student": 34, "marks_obtained": 84, "total_marks": 100, "published": true, "year": 2024}}, {"model": "results.declareresult", "pk": 221, "fields": {"select_class": "4TH", "subject": 2, "select_student": 34, "marks_obtained": 87, "total_marks": 100, "published": true, "year": 2024}}, {"model": "results.declareresult", "pk": 222, "fields": {"select_class": "4TH", "subject": 5, "select_student": 34, "marks_obtained": 81, "total_marks": 100, "published": true, "year": 2024}}, {"model": "results.declareresult", "pk": 223, "fields": {"select_class": "4TH", "subject": 6, "select_student": 34, "marks_obtained": 74, "total_marks": 100, "published": true, "year": 2024}}, {"model": "results.declareresult", "pk": 224, "fields": {"select_class": "4TH", "subject": 4, "select_student": 35, "marks_obtained": 80, "total_marks": 100, "published": true, "year": 2024}}, {"model": "results.declareresult", "pk": 225, "fields": {"select_class": "4TH", "subject": 1, "select_student": 35, "marks_obtained": 76, "total_marks": 100, "published": true, "year": 2024}}, {"model": "results.declareresult", "pk": 226, "fields": {"select_class": "4TH", "subject": 2, "select_student": 35, "marks_obtained": 89, "total_marks": 100, "published": true, "year": 2024}}, {"model": "results.declareresult", "pk": 227, "fields": {"select_class": "4TH", "subject": 5, "select_student": 35, "marks_obtained": 74, "total_marks": 100, "published": true, "year": 2024}}, {"model": "results.declareresult", "pk": 228, "fields": {"select_class": "4TH", "subject": 6, "select_student": 35, "marks_obtained": 86, "total_marks": 100, "published": true, "year": 2024}}, {"model": "students.student", "pk": 1, "fields": {"student_roll": 347, "udise_code": "0123456789", "title": "Mr", "firstname": "AZIM", "lastname": "JAVAID PORD", "email": null, "phone": null, "adhaar": null, "gender": "Male", "father": "JAVAID AHMAD PORD", "mother": null, "gaurdian": null, "domicile": null, "bank": null, "photograph": "image/upload/v1725011665/pybr2cnqle7ay3eywagr.jpg", "dob": null, "category": "ST", "signature": "image/upload/v1724452779/aluepqox10rfrfrtld6r.jpg", "town": "Anantnag", "tehsil": "Srigufwara", "district": "Anantnag", "address": "Kasnard-Khiram", "created_at": "2024-08-19", "updated_at": "2024-08-30T09:54:26.353Z", "student_class": "IST"}}, {"model": "students.student", "pk": 5, "fields": {"student_roll": 348, "udise_code": null, "title": "Ms", "firstname": "UZMA", "lastname": "RAFIQ", "email": null, "phone": null, "adhaar": null, "gender": null, "father": "RAFFIQ AHMAD KALAS", "mother": null, "gaurdian": null, "domicile": null, "bank": null, "photograph": null, "dob": null, "category": "ST", "signature": null, "town": "Anantnag", "tehsil": "Srigufwara", "district": "Anantnag", "address": "Kasnard-Khiram", "created_at": "2024-08-19", "updated_at": "2024-08-30T07:12:01.722Z", "student_class": "IST"}}, {"model": "students.student", "pk": 6, "fields": {"student_roll": 349, "udise_code": null, "title": "Mr", "firstname": "AABID", "lastname": "SHOWKAT", "email": null, "phone": null, "adhaar": null, "gender": null, "father": "SHOWKAT AHMAD CHOHAN", "mother": null, "gaurdian": null, "domicile": null, "bank": null, "photograph": null, "dob": null, "category": "ST", "signature": null, "town": "Anantnag", "tehsil": "Srigufwara", "district": "Anantnag", "address": "Kasnard-Khiram", "created_at": "2024-08-19", "updated_at": "2024-08-30T06:43:08.908Z", "student_class": "IST"}}, {"model": "students.student", "pk": 7, "fields": {"student_roll": 345, "udise_code": null, "title": "Mr", "firstname": "SHAMEEM", "lastname": "FAROOQ", "email": null, "phone": null, "adhaar": null, "gender": null, "father": "FAROOQ AHMAD KASANA", "mother": null, "gaurdian": null, "domicile": null, "bank": null, "photograph": null, "dob": null, "category": "ST", "signature": null, "town": "Anantnag", "tehsil": "Srigufwara", "district": "Anantnag", "address": "Kasnard-Khiram", "created_at": "2024-08-19", "updated_at": "2024-08-30T06:47:04.778Z", "student_class": "IST"}}, {"model": "students.student", "pk": 8, "fields": {"student_roll": 346, "udise_code": null, "title": "Mr", "firstname": "UMER", "lastname": "NAWAZ", "email": null, "phone": null, "adhaar": null, "gender": null, "father": "NAWAZ AHMAD CHEENIJAW", "mother": null, "gaurdian": null, "domicile": null, "bank": null, "photograph": null, "dob": null, "category": "ST", "signature": null, "town": "Anantnag", "tehsil": "Srigufwara", "district": "Anantnag", "address": "Kasnard-Khiram", "created_at": "2024-08-19", "updated_at": "2024-08-19T19:13:14.162Z", "student_class": "IST"}}, {"model": "students.student", "pk": 9, "fields": {"student_roll": 350, "udise_code": null, "title": "Ms", "firstname": "MUSKAN", "lastname": "JEELANI", "email": null, "phone": null, "adhaar": null, "gender": null, "father": "GHULAM JEELANI CHOHAN", "mother": null, "gaurdian": null, "domicile": null, "bank": null, "photograph": null, "dob": null, "category": "ST", "signature": null, "town": "Anantnag", "tehsil": "Srigufwara", "district": "Anantnag", "address": "Kasnard-Khiram", "created_at": "2024-08-19", "updated_at": "2024-08-19T19:42:42.087Z", "student_class": "IST"}}, {"model": "students.student", "pk": 10, "fields": {"student_roll": 352, "udise_code": null, "title": "Mr", "firstname": "MOHD", "lastname": "SHAKEEL", "email": null, "phone": null, "adhaar": null, "gender": null, "father": "IRSHAD AHMAD", "mother": null, "gaurdian": null, "domicile": null, "bank": null, "photograph": "image/upload/v1724390450/c6x8dhsmaycn96ao7ny8.jpg", "dob": null, "category": "ST", "signature": null, "town": "Anantnag", "tehsil": "Srigufwara", "district": "Anantnag", "address": "Kasnard-Khiram", "created_at": "2024-08-19", "updated_at": "2024-08-23T05:20:50.560Z", "student_class": "IST"}}, {"model": "students.student", "pk": 11, "fields": {"student_roll": 338, "udise_code": null, "title": "Mr", "firstname": "MOHAMMAD", "lastname": "ALIYAS CHOHAN", "email": null, "phone": 9469198769, "adhaar": 814298184783, "gender": null, "father": "MOHAMMAD RAFIQ CHOHAN", "mother": null, "gaurdian": null, "domicile": null, "bank": null, "photograph": null, "dob": "2016-08-24", "category": "ST", "signature": null, "town": "Anantnag", "tehsil": "Srigufwara", "district": "Anantnag", "address": "Kasnard-Khiram", "created_at": "2024-08-19", "updated_at": "2024-08-19T19:20:09.586Z", "student_class": "2ND"}}, {"model": "students.student", "pk": 12, "fields": {"student_roll": 337, "udise_code": null, "title": "Ms", "firstname": "IQRA", "lastname": "JAN", "email": null, "phone": 9469718948, "adhaar": 562837336425, "gender": null, "father": "SHABIR AHMAD SHEIKH GOJAR", "mother": null, "gaurdian": null, "domicile": null, "bank": null, "photograph": null, "dob": "2016-09-17", "category": "ST", "signature": null, "town": "Anantnag", "tehsil": "Srigufwara", "district": "Anantnag", "address": "Kasnard-Khiram", "created_at": "2024-08-19", "updated_at": "2024-08-19T19:42:50.627Z", "student_class": "2ND"}}, {"model": "students.student", "pk": 13, "fields": {"student_roll": 343, "udise_code": null, "title": "Mr", "firstname": "REHAN", "lastname": "DILAWAR GOJAR", "email": null, "phone": 9469039252, "adhaar": 347776644315, "gender": null, "father": "MOHAMMAD DILAWAR GOJAR", "mother": null, "gaurdian": null, "domicile": null, "bank": null, "photograph": null, "dob": "2016-09-04", "category": "ST", "signature": null, "town": "Anantnag", "tehsil": "Srigufwara", "district": "Anantnag", "address": "Kasnard-Khiram", "created_at": "2024-08-19", "updated_at": "2024-08-19T19:20:09.597Z", "student_class": "2ND"}}, {"model": "students.student", "pk": 14, "fields": {"student_roll": 340, "udise_code": null, "title": "Ms", "firstname": "TANZEELA", "lastname": "Jan", "email": null, "phone": 6005086978, "adhaar": 783142424217, "gender": null, "father": "ZUBAIR AHMAD", "mother": null, "gaurdian": null, "domicile": null, "bank": null, "photograph": null, "dob": "2015-09-27", "category": "ST", "signature": null, "town": "Anantnag", "tehsil": "Srigufwara", "district": "Anantnag", "address": "Kasnard-Khiram", "created_at": "2024-08-19", "updated_at": "2024-08-19T19:43:07.465Z", "student_class": "2ND"}}, {"model": "students.student", "pk": 15, "fields": {"student_roll": 339, "udise_code": null, "title": "Ms", "firstname": "RAKIYA", "lastname": "JAN", "email": null, "phone": 9149557967, "adhaar": 9645843242553, "gender": null, "father": "RAFIQ AHMAD KALAS GOJAR", "mother": null, "gaurdian": null, "domicile": null, "bank": null, "photograph": null, "dob": "2018-07-13", "category": "ST", "signature": null, "town": "Anantnag", "tehsil": "Srigufwara", "district": "Anantnag", "address": "Kasnard-Khiram", "created_at": "2024-08-19", "updated_at": "2024-08-19T19:43:14.483Z", "student_class": "2ND"}}, {"model": "students.student", "pk": 16, "fields": {"student_roll": 342, "udise_code": null, "title": "Mr", "firstname": "MOHAMMAD", "lastname": "WASEEM CHICHI", "email": null, "phone": 6005527331, "adhaar": 678285174002, "gender": null, "father": "MOGAMMAD ASHRAF CHICHI", "mother": null, "gaurdian": null, "domicile": null, "bank": null, "photograph": null, "dob": "2016-08-16", "category": "ST", "signature": null, "town": "Anantnag", "tehsil": "Srigufwara", "district": "Anantnag", "address": "Kasnard-Khiram", "created_at": "2024-08-19", "updated_at": "2024-08-19T19:20:09.609Z", "student_class": "2ND"}}, {"model": "students.student", "pk": 17, "fields": {"student_roll": 341, "udise_code": null, "title": "Ms", "firstname": "AMREENA", "lastname": "JAN", "email": null, "phone": 6006736090, "adhaar": 942688694456, "gender": null, "father": "IRSHAD AHMAD CHECHI", "mother": null, "gaurdian": null, "domicile": null, "bank": null, "photograph": null, "dob": "2016-01-05", "category": "ST", "signature": null, "town": "Anantnag", "tehsil": "Srigufwara", "district": "Anantnag", "address": "Kasnard-Khiram", "created_at": "2024-08-19", "updated_at": "2024-08-19T19:43:27.761Z", "student_class": "2ND"}}, {"model": "students.student", "pk": 18, "fields": {"student_roll": 336, "udise_code": null, "title": "Mr", "firstname": "YAWAR", "lastname": "AHMAD GOJAR", "email": null, "phone": 9622297137, "adhaar": 501427610782, "gender": null, "father": "SHOWKAT AHMAD GOJAR", "mother": null, "gaurdian": null, "domicile": null, "bank": null, "photograph": null, "dob": "2016-02-01", "category": "ST", "signature": null, "town": "Anantnag", "tehsil": "Srigufwara", "district": "Anantnag", "address": "Kasnard-Khiram", "created_at": "2024-08-19", "updated_at": "2024-08-19T19:20:09.615Z", "student_class": "2ND"}}, {"model": "students.student", "pk": 19, "fields": {"student_roll": 330, "udise_code": null, "title": "Ms", "firstname": "ASMAT", "lastname": "RUBBANEE", "email": null, "phone": 7051278446, "adhaar": 402890495473, "gender": null, "father": "GHULAM RUBBANEE GOJAR KHATANA", "mother": null, "gaurdian": null, "domicile": null, "bank": null, "photograph": null, "dob": "2017-11-22", "category": "ST", "signature": null, "town": "Anantnag", "tehsil": "Srigufwara", "district": "Anantnag", "address": "Kasnard-Khiram", "created_at": "2024-08-19", "updated_at": "2024-08-19T19:43:47.431Z", "student_class": "3RD"}}, {"model": "students.student", "pk": 20, "fields": {"student_roll": 334, "udise_code": null, "title": "Mr", "firstname": "AAZIM", "lastname": "RAFIQ DEDER GOJAR", "email": null, "phone": 9484079903, "adhaar": 876268266065, "gender": null, "father": "MOHAMMAD RAFIQ GOJAR", "mother": null, "gaurdian": null, "domicile": null, "bank": null, "photograph": null, "dob": "2017-05-10", "category": "ST", "signature": null, "town": "Anantnag", "tehsil": "Srigufwara", "district": "Anantnag", "address": "Kasnard-Khiram", "created_at": "2024-08-19", "updated_at": "2024-08-19T19:23:27.678Z", "student_class": "3RD"}}, {"model": "students.student", "pk": 21, "fields": {"student_roll": 332, "udise_code": null, "title": "Mr", "firstname": "USMAN", "lastname": "AHMAD CHOHAN GOJAR", "email": null, "phone": 9103017651, "adhaar": 823085578432, "gender": null, "father": "IRSHAD AHMAD CHOHAN GOJAR", "mother": null, "gaurdian": null, "domicile": null, "bank": null, "photograph": "image/upload/v1724390726/e3uiiifrl4ugikwdeene.jpg", "dob": "2015-09-14", "category": "ST", "signature": null, "town": "Anantnag", "tehsil": "Srigufwara", "district": "Anantnag", "address": "Kasnard-Khiram", "created_at": "2024-08-19", "updated_at": "2024-08-23T05:25:26.670Z", "student_class": "3RD"}}, {"model": "students.student", "pk": 22, "fields": {"student_roll": 335, "udise_code": null, "title": "Mr", "firstname": "MOHAMMAD", "lastname": "SHAHZAD KALAS GOJAR", "email": null, "phone": 7887985561, "adhaar": 644620160145, "gender": null, "father": "MOHAMMAD DILAWAR KALAS GOJAR", "mother": null, "gaurdian": null, "domicile": null, "bank": null, "photograph": null, "dob": "2016-01-25", "category": "ST", "signature": null, "town": "Anantnag", "tehsil": "Srigufwara", "district": "Anantnag", "address": "Kasnard-Khiram", "created_at": "2024-08-19", "updated_at": "2024-08-19T19:23:27.686Z", "student_class": "3RD"}}, {"model": "students.student", "pk": 23, "fields": {"student_roll": 1, "udise_code": null, "title": "Mr", "firstname": "NASIR", "lastname": "JAVAID", "email": null, "phone": 9419521765, "adhaar": 246603490253, "gender": null, "father": "JAVAID AHMAD Pord", "mother": null, "gaurdian": null, "domicile": null, "bank": null, "photograph": null, "dob": "2017-05-10", "category": "ST", "signature": null, "town": "Anantnag", "tehsil": "Srigufwara", "district": "Anantnag", "address": "Kasnard-Khiram", "created_at": "2024-08-19", "updated_at": "2024-08-19T19:23:27.692Z", "student_class": "3RD"}}, {"model": "students.student", "pk": 24, "fields": {"student_roll": 331, "udise_code": null, "title": "Mr", "firstname": "ARIF", "lastname": "FAROOQ GOJAR", "email": null, "phone": null, "adhaar": 615611498041, "gender": null, "father": "FAROOQ AHMAD GOJAR", "mother": null, "gaurdian": null, "domicile": null, "bank": null, "photograph": null, "dob": "2016-06-16", "category": "ST", "signature": null, "town": "Anantnag", "tehsil": "Srigufwara", "district": "Anantnag", "address": "Kasnard-Khiram", "created_at": "2024-08-19", "updated_at": "2024-08-19T19:25:52.207Z", "student_class": "3RD"}}, {"model": "students.student", "pk": 25, "fields": {"student_roll": 333, "udise_code": null, "title": "Mr", "firstname": "MEHRAN", "lastname": "AHMAD CHOHAN GOJAR", "email": null, "phone": null, "adhaar": 814848803502, "gender": null, "father": "MOHAMMAD IMRAN CHOHAN GOJAR", "mother": null, "gaurdian": null, "domicile": null, "bank": null, "photograph": null, "dob": "2018-01-17", "category": "ST", "signature": null, "town": "Anantnag", "tehsil": "Srigufwara", "district": "Anantnag", "address": "Kasnard-Khiram", "created_at": "2024-08-19", "updated_at": "2024-08-19T19:25:52.214Z", "student_class": "3RD"}}, {"model": "students.student", "pk": 26, "fields": {"student_roll": 2, "udise_code": null, "title": "Mr", "firstname": "SHAHZAD", "lastname": "FAROOQ", "email": null, "phone": 6006606562, "adhaar": 520234470044, "gender": null, "father": "FAROOQ AHMAD PORD", "mother": null, "gaurdian": null, "domicile": null, "bank": null, "photograph": null, "dob": null, "category": "ST", "signature": null, "town": "Anantnag", "tehsil": "Srigufwara", "district": "Anantnag", "address": "Kasnard-Khiram", "created_at": "2024-08-19", "updated_at": "2024-08-19T19:25:52.220Z", "student_class": "3RD"}}, {"model": "students.student", "pk": 27, "fields": {"student_roll": 322, "udise_code": null, "title": "Ms", "firstname": "MUSKAN", "lastname": "JAN", "email": null, "phone": 6005086978, "adhaar": 700151759309, "gender": null, "father": "MOHD ISHAQ POOD GOJAR", "mother": null, "gaurdian": null, "domicile": null, "bank": null, "photograph": null, "dob": "2014-03-12", "category": "ST", "signature": null, "town": "Anantnag", "tehsil": "Srigufwara", "district": "Anantnag", "address": "Kasnard-Khiram", "created_at": "2024-08-19", "updated_at": "2024-08-19T19:44:00.484Z", "student_class": "4TH"}}, {"model": "students.student", "pk": 28, "fields": {"student_roll": 325, "udise_code": null, "title": "Ms", "firstname": "MAHREENA", "lastname": "JAN", "email": null, "phone": 6006953818, "adhaar": 972151309904, "gender": null, "father": "NISAR AHMAD GOJAR", "mother": null, "gaurdian": null, "domicile": null, "bank": null, "photograph": null, "dob": "2015-03-15", "category": "ST", "signature": null, "town": "Anantnag", "tehsil": "Srigufwara", "district": "Anantnag", "address": "Kasnard-Khiram", "created_at": "2024-08-19", "updated_at": "2024-08-19T19:44:12.165Z", "student_class": "4TH"}}, {"model": "students.student", "pk": 29, "fields": {"student_roll": 324, "udise_code": null, "title": "Mr", "firstname": "AMIR", "lastname": "IQBAL KHAN GOJAR", "email": null, "phone": 9419460806, "adhaar": 589945478596, "gender": null, "father": "MOHAMMAD IQBAL KHAN GOJAR", "mother": null, "gaurdian": null, "domicile": null, "bank": null, "photograph": null, "dob": "2014-10-25", "category": "ST", "signature": null, "town": "Anantnag", "tehsil": "Srigufwara", "district": "Anantnag", "address": "Kasnard-Khiram", "created_at": "2024-08-19", "updated_at": "2024-08-19T19:28:20.763Z", "student_class": "4TH"}}, {"model": "students.student", "pk": 30, "fields": {"student_roll": 321, "udise_code": null, "title": "Ms", "firstname": "AKSA", "lastname": "AKHTER", "email": null, "phone": 91030175651, "adhaar": 880701180277, "gender": null, "father": "IRSHAD AHMAD CHOHAN GOJAR", "mother": null, "gaurdian": null, "domicile": null, "bank": null, "photograph": null, "dob": "2014-08-11", "category": "ST", "signature": null, "town": "Anantnag", "tehsil": "Srigufwara", "district": "Anantnag", "address": "Kasnard-Khiram", "created_at": "2024-08-19", "updated_at": "2024-08-19T19:44:26.931Z", "student_class": "4TH"}}, {"model": "students.student", "pk": 31, "fields": {"student_roll": 323, "udise_code": null, "title": "Mr", "firstname": "AMREENA", "lastname": "JAN", "email": null, "phone": 9419658058, "adhaar": 561000830568, "gender": null, "father": "MOHAMMAD IMRAN CHOHAN GOJAR", "mother": null, "gaurdian": null, "domicile": null, "bank": null, "photograph": null, "dob": "2016-03-25", "category": "ST", "signature": null, "town": "Anantnag", "tehsil": "Srigufwara", "district": "Anantnag", "address": "Kasnard-Khiram", "created_at": "2024-08-19", "updated_at": "2024-08-19T19:28:20.770Z", "student_class": "4TH"}}, {"model": "students.student", "pk": 32, "fields": {"student_roll": 328, "udise_code": null, "title": "Mr", "firstname": "AAMIR", "lastname": "DILAWAR GOJAR", "email": null, "phone": 9469039252, "adhaar": 681802414797, "gender": null, "father": "MOHAMMAD DILAWAR GOJAR", "mother": null, "gaurdian": null, "domicile": null, "bank": null, "photograph": null, "dob": "2014-05-15", "category": "ST", "signature": null, "town": "Anantnag", "tehsil": "Srigufwara", "district": "Anantnag", "address": "Kasnard-Khiram", "created_at": "2024-08-19", "updated_at": "2024-08-19T19:28:20.773Z", "student_class": "4TH"}}, {"model": "students.student", "pk": 33, "fields": {"student_roll": 326, "udise_code": null, "title": "Ms", "firstname": "RUQBA", "lastname": "JAN", "email": null, "phone": 9149557967, "adhaar": 998824171696, "gender": null, "father": "RAFIQ AHMAD KALAS GOJAR", "mother": null, "gaurdian": null, "domicile": null, "bank": null, "photograph": null, "dob": "2014-08-18", "category": "ST", "signature": null, "town": "Anantnag", "tehsil": "Srigufwara", "district": "Anantnag", "address": "Kasnard-Khiram", "created_at": "2024-08-19", "updated_at": "2024-08-19T19:44:51.032Z", "student_class": "4TH"}}, {"model": "students.student", "pk": 34, "fields": {"student_roll": 327, "udise_code": null, "title": "Mr", "firstname": "MUNTAZIR", "lastname": "GANI", "email": null, "phone": 6005139825, "adhaar": 596443240209, "gender": null, "father": "ABDUL GANI GOJAR CHOHAN", "mother": null, "gaurdian": null, "domicile": null, "bank": null, "photograph": null, "dob": "2015-03-09", "category": "ST", "signature": null, "town": "Anantnag", "tehsil": "Srigufwara", "district": "Anantnag", "address": "Kasnard-Khiram", "created_at": "2024-08-19", "updated_at": "2024-08-19T19:28:20.779Z", "student_class": "4TH"}}, {"model": "students.student", "pk": 35, "fields": {"student_roll": 315, "udise_code": null, "title": "Ms", "firstname": "SAMREENA", "lastname": "JAN", "email": null, "phone": 6006736090, "adhaar": 853181004947, "gender": null, "father": "IRSHAD AHMAD CHEECHI", "mother": null, "gaurdian": null, "domicile": null, "bank": null, "photograph": null, "dob": "2014-01-15", "category": "ST", "signature": null, "town": "Anantnag", "tehsil": "Srigufwara", "district": "Anantnag", "address": "Kasnard-Khiram", "created_at": "2024-08-19", "updated_at": "2024-08-19T19:44:59.736Z", "student_class": "4TH"}}, {"model": "students.student", "pk": 36, "fields": {"student_roll": 313, "udise_code": null, "title": "Mr", "firstname": "SARFRAZ", "lastname": "ASLAM GOJAR KHATANA", "email": null, "phone": 7051278446, "adhaar": 909754197555, "gender": null, "father": "MOHAMMAD ASLAM GOJAR KHATANA", "mother": null, "gaurdian": null, "domicile": null, "bank": null, "photograph": null, "dob": "2013-03-12", "category": "ST", "signature": null, "town": "Anantnag", "tehsil": "Srigufwara", "district": "Anantnag", "address": "Kasnard-Khiram", "created_at": "2024-08-19", "updated_at": "2024-08-19T19:30:34.507Z", "student_class": "5TH"}}, {"model": "students.student", "pk": 37, "fields": {"student_roll": 308, "udise_code": null, "title": "Mr", "firstname": "SAQIB", "lastname": "IQBAL KHAN GOJAR", "email": null, "phone": 91030944535, "adhaar": 943178597213, "gender": null, "father": "MOHAMMAD IQBAL KHAN GOJAR", "mother": null, "gaurdian": null, "domicile": null, "bank": null, "photograph": null, "dob": "2013-08-03", "category": "ST", "signature": null, "town": "Anantnag", "tehsil": "Srigufwara", "district": "Anantnag", "address": "Kasnard-Khiram", "created_at": "2024-08-19", "updated_at": "2024-08-19T19:30:34.513Z", "student_class": "5TH"}}, {"model": "students.student", "pk": 38, "fields": {"student_roll": 314, "udise_code": null, "title": "Ms", "firstname": "TAHIRA", "lastname": "GULZAR", "email": null, "phone": 9622808572, "adhaar": 243501718386, "gender": null, "father": "GULZAR AHMAD CHOHAN GOJAR", "mother": null, "gaurdian": null, "domicile": null, "bank": null, "photograph": null, "dob": "2013-06-03", "category": "ST", "signature": null, "town": "Anantnag", "tehsil": "Srigufwara", "district": "Anantnag", "address": "Kasnard-Khiram", "created_at": "2024-08-19", "updated_at": "2024-08-19T19:45:12.933Z", "student_class": "5TH"}}, {"model": "students.student", "pk": 39, "fields": {"student_roll": 317, "udise_code": null, "title": "Ms", "firstname": "AROOJA", "lastname": "JAN", "email": null, "phone": 8497055268, "adhaar": 908710691896, "gender": null, "father": "MOHAMMAD YOUSUF KHAN GOJAR", "mother": null, "gaurdian": null, "domicile": null, "bank": null, "photograph": null, "dob": "2014-01-01", "category": "ST", "signature": null, "town": "Anantnag", "tehsil": "Srigufwara", "district": "Anantnag", "address": "Kasnard-Khiram", "created_at": "2024-08-19", "updated_at": "2024-08-19T19:45:21.484Z", "student_class": "5TH"}}, {"model": "students.student", "pk": 40, "fields": {"student_roll": 316, "udise_code": null, "title": "Ms", "firstname": "SAKEY", "lastname": "JAN", "email": null, "phone": 9149557967, "adhaar": 360760821473, "gender": null, "father": "RAFEEQ AHMAD KALAS GOJAR", "mother": null, "gaurdian": null, "domicile": null, "bank": null, "photograph": null, "dob": "2013-03-12", "category": "ST", "signature": null, "town": "Anantnag", "tehsil": "Srigufwara", "district": "Anantnag", "address": "Kasnard-Khiram", "created_at": "2024-08-19", "updated_at": "2024-08-19T19:45:35.120Z", "student_class": "5TH"}}, {"model": "students.student", "pk": 41, "fields": {"student_roll": 3, "udise_code": null, "title": "Mr", "firstname": "SUHAIL", "lastname": "NISAR", "email": null, "phone": 6006953818, "adhaar": 216001469532, "gender": null, "father": "NISAR AHMAD GOJAR", "mother": null, "gaurdian": null, "domicile": null, "bank": null, "photograph": null, "dob": null, "category": "ST", "signature": null, "town": "Anantnag", "tehsil": "Srigufwara", "district": "Anantnag", "address": "Kasnard-Khiram", "created_at": "2024-08-19", "updated_at": "2024-08-19T19:30:34.530Z", "student_class": "5TH"}}, {"model": "students.student", "pk": 42, "fields": {"student_roll": 311, "udise_code": null, "title": "Ms", "firstname": "INSHA", "lastname": "IRSHAD", "email": null, "phone": 9103017651, "adhaar": 667982516019, "gender": null, "father": "IRSHAD AHMAD CHOHAN GOJAR", "mother": null, "gaurdian": null, "domicile": null, "bank": null, "photograph": null, "dob": "2013-06-13", "category": "ST", "signature": null, "town": "Anantnag", "tehsil": "Srigufwara", "district": "Anantnag", "address": "Kasnard-Khiram", "created_at": "2024-08-19", "updated_at": "2024-08-28T23:34:29.065Z", "student_class": "6TH"}}, {"model": "students.student", "pk": 43, "fields": {"student_roll": 310, "udise_code": null, "title": "Mr", "firstname": "AASIF", "lastname": "DILAWAR GOJAR", "email": null, "phone": 6006982400, "adhaar": 263526265420, "gender": null, "father": "MOHAMMAD DILAWAR GOJAR", "mother": null, "gaurdian": null, "domicile": null, "bank": null, "photograph": null, "dob": "2013-08-15", "category": "ST", "signature": null, "town": "Anantnag", "tehsil": "Srigufwara", "district": "Anantnag", "address": "Kasnard-Khiram", "created_at": "2024-08-19", "updated_at": "2024-08-28T23:34:46.105Z", "student_class": "6TH"}}, {"model": "students.student", "pk": 44, "fields": {"student_roll": 312, "udise_code": null, "title": "Mr", "firstname": "ASIF", "lastname": "ISHAQ CHOHAN GOJAR", "email": null, "phone": 7051272919, "adhaar": 315126437452, "gender": null, "father": "MOHAMMAD ISHAQ CHOHAN GOJAR", "mother": null, "gaurdian": null, "domicile": null, "bank": null, "photograph": null, "dob": "2013-07-07", "category": "ST", "signature": null, "town": "Anantnag", "tehsil": "Srigufwara", "district": "Anantnag", "address": "Kasnard-Khiram", "created_at": "2024-08-19", "updated_at": "2024-08-19T19:33:02.185Z", "student_class": "6TH"}}, {"model": "students.student", "pk": 45, "fields": {"student_roll": 309, "udise_code": null, "title": "Mr", "firstname": "MOHAMMAD", "lastname": "AAQIB GOJAR", "email": null, "phone": 6006877899, "adhaar": null, "gender": null, "father": "ABDUL WAHEED GOJAR", "mother": null, "gaurdian": null, "domicile": null, "bank": null, "photograph": null, "dob": "2013-12-01", "category": "ST", "signature": null, "town": "Anantnag", "tehsil": "Srigufwara", "district": "Anantnag", "address": "Kasnard-Khiram", "created_at": "2024-08-19", "updated_at": "2024-08-19T19:33:02.189Z", "student_class": "6TH"}}, {"model": "students.student", "pk": 46, "fields": {"student_roll": 318, "udise_code": null, "title": "Mr", "firstname": "ASHAQ", "lastname": "HUSSAIN CHOHAN GOJAR", "email": null, "phone": 9622808572, "adhaar": 936131332837, "gender": null, "father": "GULZAR AHMAD CHOHAN GOJAR", "mother": null, "gaurdian": null, "domicile": null, "bank": null, "photograph": null, "dob": "2012-11-09", "category": "ST", "signature": null, "town": "Anantnag", "tehsil": "Srigufwara", "district": "Anantnag", "address": "Kasnard-Khiram", "created_at": "2024-08-19", "updated_at": "2024-08-19T19:33:02.195Z", "student_class": "6TH"}}, {"model": "students.student", "pk": 47, "fields": {"student_roll": 306, "udise_code": null, "title": "Ms", "firstname": "ULFAT", "lastname": "JAN", "email": null, "phone": 6006877899, "adhaar": 823520241985, "gender": null, "father": "ABDUL WAHEED GOJAR", "mother": null, "gaurdian": null, "domicile": null, "bank": null, "photograph": null, "dob": "2012-08-04", "category": "ST", "signature": null, "town": "Anantnag", "tehsil": "Srigufwara", "district": "Anantnag", "address": "Kasnard-Khiram", "created_at": "2024-08-19", "updated_at": "2024-08-19T19:46:11.918Z", "student_class": "6TH"}}, {"model": "students.student", "pk": 48, "fields": {"student_roll": 68, "udise_code": null, "title": "Ms", "firstname": "TAIBA", "lastname": "BASHIR", "email": null, "phone": 8491055014, "adhaar": 237312381634, "gender": null, "father": "BASHIR AHMAD KALAS GOJAR", "mother": null, "gaurdian": null, "domicile": null, "bank": null, "photograph": "image/upload/v1724372292/hubqfltizgaclwwoaq7m.jpg", "dob": "2011-11-05", "category": "ST", "signature": null, "town": "Anantnag", "tehsil": "Srigufwara", "district": "Anantnag", "address": "Kasnard-Khiram", "created_at": "2024-08-19", "updated_at": "2024-08-23T00:24:20.796Z", "student_class": "7TH"}}, {"model": "students.student", "pk": 49, "fields": {"student_roll": 69, "udise_code": "null", "title": "Mr", "firstname": "TUFAIL", "lastname": "YOUSUF KHAN GOJAR", "email": "support@techis.io", "phone": 8491055268, "adhaar": 790384880070, "gender": null, "father": "MOHMED YOUSUF KHAN GOJAR", "mother": "null", "gaurdian": "null", "domicile": 1234567890, "bank": "0554010001346", "photograph": "image/upload/v1724371524/drtidk123tbf4qcnxlbz.jpg", "dob": "2012-12-30", "category": "ST", "signature": null, "town": "Anantnag", "tehsil": "Srigufwara", "district": "Anantnag", "address": "Kasnard-Khiram", "created_at": "2024-08-19", "updated_at": "2024-08-23T00:05:25.134Z", "student_class": "7TH"}}, {"model": "students.student", "pk": 50, "fields": {"student_roll": 67, "udise_code": null, "title": "Ms", "firstname": "AMREENA", "lastname": "JAN", "email": null, "phone": 6005139825, "adhaar": 916637473441, "gender": null, "father": "ABDUL GANI GOJAR CHOHAN", "mother": null, "gaurdian": null, "domicile": null, "bank": null, "photograph": null, "dob": "2013-03-10", "category": "ST", "signature": null, "town": "Anantnag", "tehsil": "Srigufwara", "district": "Anantnag", "address": "Kasnard-Khiram", "created_at": "2024-08-19", "updated_at": "2024-08-22T23:53:24.836Z", "student_class": "7TH"}}, {"model": "students.student", "pk": 51, "fields": {"student_roll": 65, "udise_code": null, "title": "Ms", "firstname": "SAIMA", "lastname": "IRSHAD", "email": null, "phone": 6006736090, "adhaar": 2913917558076, "gender": null, "father": "IRSHAD AHMAD CHEECHI", "mother": null, "gaurdian": null, "domicile": null, "bank": null, "photograph": null, "dob": "2013-12-04", "category": "ST", "signature": null, "town": "Anantnag", "tehsil": "Srigufwara", "district": "Anantnag", "address": "Kasnard-Khiram", "created_at": "2024-08-19", "updated_at": "2024-08-19T19:46:53.869Z", "student_class": "7TH"}}, {"model": "students.student", "pk": 52, "fields": {"student_roll": 66, "udise_code": null, "title": "Mr", "firstname": "MOHAMMED", "lastname": "SHAMEEM KALAS GOJAR", "email": null, "phone": 7889985561, "adhaar": 505822164730, "gender": null, "father": "MOHAMMED DILAWAR KALAS GOJAR", "mother": null, "gaurdian": null, "domicile": null, "bank": null, "photograph": null, "dob": "2012-10-24", "category": "ST", "signature": null, "town": "Anantnag", "tehsil": "Srigufwara", "district": "Anantnag", "address": "Kasnard-Khiram", "created_at": "2024-08-19", "updated_at": "2024-08-19T19:34:55.642Z", "student_class": "7TH"}}, {"model": "students.student", "pk": 53, "fields": {"student_roll": 71, "udise_code": null, "title": "Ms", "firstname": "SHARISH", "lastname": "AMIN", "email": null, "phone": 9541125009, "adhaar": 627481030616, "gender": null, "father": "MOHAMMED AMIN KHAN POOD", "mother": null, "gaurdian": null, "domicile": null, "bank": null, "photograph": null, "dob": "2013-01-01", "category": "ST", "signature": null, "town": "Anantnag", "tehsil": "Srigufwara", "district": "Anantnag", "address": "Kasnard-Khiram", "created_at": "2024-08-19", "updated_at": "2024-08-19T19:47:03.353Z", "student_class": "7TH"}}, {"model": "students.student", "pk": 54, "fields": {"student_roll": 56, "udise_code": null, "title": "Mr", "firstname": "SAMEER", "lastname": "ASLAM GOJAR KHATANA", "email": null, "phone": 7051278448, "adhaar": 886688528360, "gender": null, "father": "MOHAMMED ASLAM GOJAR KHATANA", "mother": null, "gaurdian": null, "domicile": null, "bank": null, "photograph": null, "dob": "2011-11-11", "category": "ST", "signature": null, "town": "Anantnag", "tehsil": "Srigufwara", "district": "Anantnag", "address": "Kasnard-Khiram", "created_at": "2024-08-19", "updated_at": "2024-08-19T19:37:45.269Z", "student_class": "8TH"}}, {"model": "students.student", "pk": 55, "fields": {"student_roll": 59, "udise_code": "0123456789", "title": "Ms", "firstname": "NAZIYA", "lastname": "JAN", "email": null, "phone": 9149764617, "adhaar": 717466430102, "gender": null, "father": "LAL DIN KHAN GOJAR", "mother": null, "gaurdian": null, "domicile": null, "bank": "0554010001346", "photograph": null, "dob": "2011-11-11", "category": "ST", "signature": null, "town": "Anantnag", "tehsil": "Srigufwara", "district": "Anantnag", "address": "Kasnard-Khiram", "created_at": "2024-08-19", "updated_at": "2024-08-22T19:39:55.437Z", "student_class": "8TH"}}, {"model": "students.student", "pk": 56, "fields": {"student_roll": 61, "udise_code": null, "title": "Mr", "firstname": "NASEEM", "lastname": "DILAWAR KALAS GOJAR", "email": null, "phone": 7889985561, "adhaar": 201679943248, "gender": null, "father": "MOHAMMED DILAWAR KALAS GOJAR", "mother": null, "gaurdian": null, "domicile": null, "bank": null, "photograph": null, "dob": "2011-12-20", "category": "ST", "signature": null, "town": "Anantnag", "tehsil": "Srigufwara", "district": "Anantnag", "address": "Kasnard-Khiram", "created_at": "2024-08-19", "updated_at": "2024-08-19T19:37:45.281Z", "student_class": "8TH"}}, {"model": "students.student", "pk": 57, "fields": {"student_roll": 63, "udise_code": "null", "title": "Ms", "firstname": "SHAHISTA", "lastname": "JAN", "email": "test@gmail.com", "phone": 6006953818, "adhaar": 847221620294, "gender": null, "father": "NISAR AHMAD GOJAR", "mother": "null", "gaurdian": "null", "domicile": 1234567890, "bank": "1234567890", "photograph": "image/upload/v1724371436/idl9oeejmd2alp9r1tx5.jpg", "dob": "2011-01-12", "category": "ST", "signature": null, "town": "Anantnag", "tehsil": "Srigufwara", "district": "Anantnag", "address": "Kasnard-Khiram", "created_at": "2024-08-19", "updated_at": "2024-08-23T00:03:57.798Z", "student_class": "8TH"}}, {"model": "students.student", "pk": 58, "fields": {"student_roll": 64, "udise_code": null, "title": "Ms", "firstname": "PARVEENA", "lastname": "JAN", "email": null, "phone": 9622808572, "adhaar": 842495507149, "gender": null, "father": "GULZAR AHMAD CHOHAN", "mother": null, "gaurdian": null, "domicile": null, "bank": null, "photograph": null, "dob": "2011-10-15", "category": "ST", "signature": null, "town": "Anantnag", "tehsil": "Srigufwara", "district": "Anantnag", "address": "Kasnard-Khiram", "created_at": "2024-08-19", "updated_at": "2024-08-19T19:47:31.683Z", "student_class": "8TH"}}, {"model": "students.student", "pk": 59, "fields": {"student_roll": 58, "udise_code": null, "title": "Ms", "firstname": "AARIFA", "lastname": "SHABIR", "email": null, "phone": 7889348614, "adhaar": 951932337551, "gender": null, "father": "SHABIR AHMAD KALAS GOJAR", "mother": null, "gaurdian": null, "domicile": null, "bank": null, "photograph": "image/upload/v1724450672/omaftsmgkrcwpqkt0xrn.jpg", "dob": "2011-11-15", "category": "ST", "signature": null, "town": "Anantnag", "tehsil": "Srigufwara", "district": "Anantnag", "address": "Kasnard-Khiram", "created_at": "2024-08-19", "updated_at": "2024-08-23T22:04:32.671Z", "student_class": "8TH"}}, {"model": "students.student", "pk": 60, "fields": {"student_roll": 57, "udise_code": null, "title": "Ms", "firstname": "SAIQA", "lastname": "JAN", "email": null, "phone": 9103094535, "adhaar": 214404575026, "gender": null, "father": "MOHAMMED IQBAL KHAN GOJAR", "mother": null, "gaurdian": null, "domicile": null, "bank": null, "photograph": null, "dob": "2011-12-11", "category": "ST", "signature": null, "town": "Anantnag", "tehsil": "Srigufwara", "district": "Anantnag", "address": "Kasnard-Khiram", "created_at": "2024-08-19", "updated_at": "2024-08-19T19:47:47.215Z", "student_class": "8TH"}}, {"model": "students.student", "pk": 61, "fields": {"student_roll": 344, "udise_code": null, "title": "Ms", "firstname": "RIFAT", "lastname": "Jan", "email": null, "phone": null, "adhaar": null, "gender": null, "father": "MOHD RAFIQ  KALAS", "mother": null, "gaurdian": null, "domicile": null, "bank": null, "photograph": null, "dob": null, "category": "ST", "signature": null, "town": "Anantnag", "tehsil": "Srigufwara", "district": "Anantnag", "address": "Kasnard-Khiram", "created_at": "2024-08-19", "updated_at": "2024-08-22T23:41:55.720Z", "student_class": "IST"}}, {"model": "student_classes.studentclass", "pk": "2ND", "fields": {"section": "A", "creation_date": "2023-02-17T16:03:19.058Z"}}, {"model": "student_classes.studentclass", "pk": "3RD", "fields": {"section": "A", "creation_date": "2023-02-17T16:03:29.052Z"}}, {"model": "student_classes.studentclass", "pk": "4TH", "fields": {"section": "A", "creation_date": "2023-02-17T16:03:36.553Z"}}, {"model": "student_classes.studentclass", "pk": "5TH", "fields": {"section": "A", "creation_date": "2023-02-17T16:03:43.222Z"}}, {"model": "student_classes.studentclass", "pk": "6TH", "fields": {"section": "A", "creation_date": "2023-02-17T20:09:24.729Z"}}, {"model": "student_classes.studentclass", "pk": "7TH", "fields": {"section": "A", "creation_date": "2023-02-17T20:09:32.775Z"}}, {"model": "student_classes.studentclass", "pk": "8TH", "fields": {"section": "A", "creation_date": "2023-02-17T20:09:41.849Z"}}, {"model": "student_classes.studentclass", "pk": "Graduated", "fields": {"section": "A", "creation_date": "2024-08-08T21:52:06.948Z"}}, {"model": "student_classes.studentclass", "pk": "IST", "fields": {"section": "A", "creation_date": "2023-02-16T23:57:26.429Z"}}, {"model": "subjects.subject", "pk": 1, "fields": {"subject_name": "Math", "subject_creation_date": "2024-08-06T23:15:40.391Z", "subject_update_date": "2024-08-06T23:16:06.388Z"}}, {"model": "subjects.subject", "pk": 2, "fields": {"subject_name": "Science", "subject_creation_date": "2024-08-07T21:05:57.626Z", "subject_update_date": "2024-08-07T21:05:57.626Z"}}, {"model": "subjects.subject", "pk": 3, "fields": {"subject_name": "Social-Science", "subject_creation_date": "2024-08-07T21:06:12.174Z", "subject_update_date": "2024-08-07T21:06:12.174Z"}}, {"model": "subjects.subject", "pk": 4, "fields": {"subject_name": "English", "subject_creation_date": "2024-08-07T21:06:20.849Z", "subject_update_date": "2024-08-07T21:06:20.849Z"}}, {"model": "subjects.subject", "pk": 5, "fields": {"subject_name": "Urdu", "subject_creation_date": "2024-08-07T21:06:30.385Z", "subject_update_date": "2024-08-07T21:06:30.385Z"}}, {"model": "subjects.subject", "pk": 6, "fields": {"subject_name": "Kashmiri", "subject_creation_date": "2024-08-07T21:06:48.944Z", "subject_update_date": "2024-08-07T21:06:48.944Z"}}, {"model": "subjects.subjectcombination", "pk": 1, "fields": {"select_class": "2ND", "select_subject": 1}}, {"model": "subjects.subjectcombination", "pk": 2, "fields": {"select_class": "2ND", "select_subject": 2}}, {"model": "subjects.subjectcombination", "pk": 3, "fields": {"select_class": "2ND", "select_subject": 3}}, {"model": "subjects.subjectcombination", "pk": 4, "fields": {"select_class": "2ND", "select_subject": 4}}, {"model": "subjects.subjectcombination", "pk": 5, "fields": {"select_class": "2ND", "select_subject": 5}}, {"model": "subjects.subjectcombination", "pk": 6, "fields": {"select_class": "2ND", "select_subject": 6}}, {"model": "subjects.subjectcombination", "pk": 7, "fields": {"select_class": "3RD", "select_subject": 1}}, {"model": "subjects.subjectcombination", "pk": 8, "fields": {"select_class": "3RD", "select_subject": 2}}, {"model": "subjects.subjectcombination", "pk": 9, "fields": {"select_class": "3RD", "select_subject": 3}}, {"model": "subjects.subjectcombination", "pk": 10, "fields": {"select_class": "3RD", "select_subject": 4}}, {"model": "subjects.subjectcombination", "pk": 11, "fields": {"select_class": "3RD", "select_subject": 5}}, {"model": "subjects.subjectcombination", "pk": 12, "fields": {"select_class": "3RD", "select_subject": 6}}, {"model": "subjects.subjectcombination", "pk": 13, "fields": {"select_class": "4TH", "select_subject": 1}}, {"model": "subjects.subjectcombination", "pk": 14, "fields": {"select_class": "4TH", "select_subject": 2}}, {"model": "subjects.subjectcombination", "pk": 15, "fields": {"select_class": "4TH", "select_subject": 3}}, {"model": "subjects.subjectcombination", "pk": 16, "fields": {"select_class": "4TH", "select_subject": 4}}, {"model": "subjects.subjectcombination", "pk": 17, "fields": {"select_class": "4TH", "select_subject": 5}}, {"model": "subjects.subjectcombination", "pk": 18, "fields": {"select_class": "4TH", "select_subject": 6}}, {"model": "subjects.subjectcombination", "pk": 19, "fields": {"select_class": "5TH", "select_subject": 1}}, {"model": "subjects.subjectcombination", "pk": 20, "fields": {"select_class": "5TH", "select_subject": 2}}, {"model": "subjects.subjectcombination", "pk": 21, "fields": {"select_class": "5TH", "select_subject": 3}}, {"model": "subjects.subjectcombination", "pk": 22, "fields": {"select_class": "5TH", "select_subject": 4}}, {"model": "subjects.subjectcombination", "pk": 23, "fields": {"select_class": "5TH", "select_subject": 5}}, {"model": "subjects.subjectcombination", "pk": 24, "fields": {"select_class": "5TH", "select_subject": 6}}, {"model": "subjects.subjectcombination", "pk": 25, "fields": {"select_class": "6TH", "select_subject": 1}}, {"model": "subjects.subjectcombination", "pk": 26, "fields": {"select_class": "6TH", "select_subject": 2}}, {"model": "subjects.subjectcombination", "pk": 27, "fields": {"select_class": "6TH", "select_subject": 3}}, {"model": "subjects.subjectcombination", "pk": 28, "fields": {"select_class": "6TH", "select_subject": 4}}, {"model": "subjects.subjectcombination", "pk": 29, "fields": {"select_class": "6TH", "select_subject": 5}}, {"model": "subjects.subjectcombination", "pk": 30, "fields": {"select_class": "6TH", "select_subject": 6}}, {"model": "subjects.subjectcombination", "pk": 31, "fields": {"select_class": "7TH", "select_subject": 1}}, {"model": "subjects.subjectcombination", "pk": 32, "fields": {"select_class": "7TH", "select_subject": 2}}, {"model": "subjects.subjectcombination", "pk": 33, "fields": {"select_class": "7TH", "select_subject": 3}}, {"model": "subjects.subjectcombination", "pk": 34, "fields": {"select_class": "7TH", "select_subject": 4}}, {"model": "subjects.subjectcombination", "pk": 35, "fields": {"select_class": "7TH", "select_subject": 5}}, {"model": "subjects.subjectcombination", "pk": 36, "fields": {"select_class": "7TH", "select_subject": 6}}, {"model": "subjects.subjectcombination", "pk": 37, "fields": {"select_class": "8TH", "select_subject": 1}}, {"model": "subjects.subjectcombination", "pk": 38, "fields": {"select_class": "8TH", "select_subject": 2}}, {"model": "subjects.subjectcombination", "pk": 39, "fields": {"select_class": "8TH", "select_subject": 3}}, {"model": "subjects.subjectcombination", "pk": 40, "fields": {"select_class": "8TH", "select_subject": 4}}, {"model": "subjects.subjectcombination", "pk": 41, "fields": {"select_class": "8TH", "select_subject": 5}}, {"model": "subjects.subjectcombination", "pk": 42, "fields": {"select_class": "8TH", "select_subject": 6}}, {"model": "subjects.subjectcombination", "pk": 43, "fields": {"select_class": "IST", "select_subject": 1}}, {"model": "subjects.subjectcombination", "pk": 44, "fields": {"select_class": "IST", "select_subject": 2}}, {"model": "subjects.subjectcombination", "pk": 45, "fields": {"select_class": "IST", "select_subject": 3}}, {"model": "subjects.subjectcombination", "pk": 46, "fields": {"select_class": "IST", "select_subject": 4}}, {"model": "subjects.subjectcombination", "pk": 47, "fields": {"select_class": "IST", "select_subject": 5}}, {"model": "subjects.subjectcombination", "pk": 48, "fields": {"select_class": "IST", "select_subject": 6}}, {"model": "student_attendance.studentattendance", "pk": 254, "fields": {"student": 1, "student_class": "IST", "date": "2024-08-18", "status": "Holiday", "remarks": null}}, {"model": "student_attendance.studentattendance", "pk": 255, "fields": {"student": 5, "student_class": "IST", "date": "2024-08-18", "status": "Holiday", "remarks": null}}, {"model": "student_attendance.studentattendance", "pk": 256, "fields": {"student": 6, "student_class": "IST", "date": "2024-08-18", "status": "Holiday", "remarks": null}}, {"model": "student_attendance.studentattendance", "pk": 257, "fields": {"student": 7, "student_class": "IST", "date": "2024-08-18", "status": "Holiday", "remarks": null}}, {"model": "student_attendance.studentattendance", "pk": 258, "fields": {"student": 8, "student_class": "IST", "date": "2024-08-18", "status": "Holiday", "remarks": null}}, {"model": "student_attendance.studentattendance", "pk": 259, "fields": {"student": 9, "student_class": "IST", "date": "2024-08-18", "status": "Holiday", "remarks": null}}, {"model": "student_attendance.studentattendance", "pk": 260, "fields": {"student": 10, "student_class": "IST", "date": "2024-08-18", "status": "Holiday", "remarks": null}}, {"model": "student_attendance.studentattendance", "pk": 261, "fields": {"student": 61, "student_class": "IST", "date": "2024-08-18", "status": "Holiday", "remarks": null}}, {"model": "student_attendance.studentattendance", "pk": 262, "fields": {"student": 11, "student_class": "2ND", "date": "2024-08-18", "status": "Holiday", "remarks": null}}, {"model": "student_attendance.studentattendance", "pk": 263, "fields": {"student": 12, "student_class": "2ND", "date": "2024-08-18", "status": "Holiday", "remarks": null}}, {"model": "student_attendance.studentattendance", "pk": 264, "fields": {"student": 13, "student_class": "2ND", "date": "2024-08-18", "status": "Holiday", "remarks": null}}, {"model": "student_attendance.studentattendance", "pk": 265, "fields": {"student": 14, "student_class": "2ND", "date": "2024-08-18", "status": "Holiday", "remarks": null}}, {"model": "student_attendance.studentattendance", "pk": 266, "fields": {"student": 15, "student_class": "2ND", "date": "2024-08-18", "status": "Holiday", "remarks": null}}, {"model": "student_attendance.studentattendance", "pk": 267, "fields": {"student": 16, "student_class": "2ND", "date": "2024-08-18", "status": "Holiday", "remarks": null}}, {"model": "student_attendance.studentattendance", "pk": 268, "fields": {"student": 17, "student_class": "2ND", "date": "2024-08-18", "status": "Holiday", "remarks": null}}, {"model": "student_attendance.studentattendance", "pk": 269, "fields": {"student": 18, "student_class": "2ND", "date": "2024-08-18", "status": "Holiday", "remarks": null}}, {"model": "student_attendance.studentattendance", "pk": 270, "fields": {"student": 19, "student_class": "3RD", "date": "2024-08-18", "status": "Holiday", "remarks": null}}, {"model": "student_attendance.studentattendance", "pk": 271, "fields": {"student": 20, "student_class": "3RD", "date": "2024-08-18", "status": "Holiday", "remarks": null}}, {"model": "student_attendance.studentattendance", "pk": 272, "fields": {"student": 21, "student_class": "3RD", "date": "2024-08-18", "status": "Holiday", "remarks": null}}, {"model": "student_attendance.studentattendance", "pk": 273, "fields": {"student": 22, "student_class": "3RD", "date": "2024-08-18", "status": "Holiday", "remarks": null}}, {"model": "student_attendance.studentattendance", "pk": 274, "fields": {"student": 23, "student_class": "3RD", "date": "2024-08-18", "status": "Holiday", "remarks": null}}, {"model": "student_attendance.studentattendance", "pk": 275, "fields": {"student": 24, "student_class": "3RD", "date": "2024-08-18", "status": "Holiday", "remarks": null}}, {"model": "student_attendance.studentattendance", "pk": 276, "fields": {"student": 25, "student_class": "3RD", "date": "2024-08-18", "status": "Holiday", "remarks": null}}, {"model": "student_attendance.studentattendance", "pk": 277, "fields": {"student": 26, "student_class": "3RD", "date": "2024-08-18", "status": "Holiday", "remarks": null}}, {"model": "student_attendance.studentattendance", "pk": 278, "fields": {"student": 27, "student_class": "4TH", "date": "2024-08-18", "status": "Holiday", "remarks": null}}, {"model": "student_attendance.studentattendance", "pk": 279, "fields": {"student": 28, "student_class": "4TH", "date": "2024-08-18", "status": "Holiday", "remarks": null}}, {"model": "student_attendance.studentattendance", "pk": 280, "fields": {"student": 29, "student_class": "4TH", "date": "2024-08-18", "status": "Holiday", "remarks": null}}, {"model": "student_attendance.studentattendance", "pk": 281, "fields": {"student": 30, "student_class": "4TH", "date": "2024-08-18", "status": "Holiday", "remarks": null}}, {"model": "student_attendance.studentattendance", "pk": 282, "fields": {"student": 31, "student_class": "4TH", "date": "2024-08-18", "status": "Holiday", "remarks": null}}, {"model": "student_attendance.studentattendance", "pk": 283, "fields": {"student": 32, "student_class": "4TH", "date": "2024-08-18", "status": "Holiday", "remarks": null}}, {"model": "student_attendance.studentattendance", "pk": 284, "fields": {"student": 33, "student_class": "4TH", "date": "2024-08-18", "status": "Holiday", "remarks": null}}, {"model": "student_attendance.studentattendance", "pk": 285, "fields": {"student": 34, "student_class": "4TH", "date": "2024-08-18", "status": "Holiday", "remarks": null}}, {"model": "student_attendance.studentattendance", "pk": 286, "fields": {"student": 35, "student_class": "4TH", "date": "2024-08-18", "status": "Holiday", "remarks": null}}, {"model": "student_attendance.studentattendance", "pk": 287, "fields": {"student": 36, "student_class": "5TH", "date": "2024-08-18", "status": "Holiday", "remarks": null}}, {"model": "student_attendance.studentattendance", "pk": 288, "fields": {"student": 37, "student_class": "5TH", "date": "2024-08-18", "status": "Holiday", "remarks": null}}, {"model": "student_attendance.studentattendance", "pk": 289, "fields": {"student": 38, "student_class": "5TH", "date": "2024-08-18", "status": "Holiday", "remarks": null}}, {"model": "student_attendance.studentattendance", "pk": 290, "fields": {"student": 39, "student_class": "5TH", "date": "2024-08-18", "status": "Holiday", "remarks": null}}, {"model": "student_attendance.studentattendance", "pk": 291, "fields": {"student": 40, "student_class": "5TH", "date": "2024-08-18", "status": "Holiday", "remarks": null}}, {"model": "student_attendance.studentattendance", "pk": 292, "fields": {"student": 41, "student_class": "5TH", "date": "2024-08-18", "status": "Holiday", "remarks": null}}, {"model": "student_attendance.studentattendance", "pk": 293, "fields": {"student": 42, "student_class": "6TH", "date": "2024-08-18", "status": "Holiday", "remarks": null}}, {"model": "student_attendance.studentattendance", "pk": 294, "fields": {"student": 43, "student_class": "6TH", "date": "2024-08-18", "status": "Holiday", "remarks": null}}, {"model": "student_attendance.studentattendance", "pk": 295, "fields": {"student": 44, "student_class": "6TH", "date": "2024-08-18", "status": "Holiday", "remarks": null}}, {"model": "student_attendance.studentattendance", "pk": 296, "fields": {"student": 45, "student_class": "6TH", "date": "2024-08-18", "status": "Holiday", "remarks": null}}, {"model": "student_attendance.studentattendance", "pk": 297, "fields": {"student": 46, "student_class": "6TH", "date": "2024-08-18", "status": "Holiday", "remarks": null}}, {"model": "student_attendance.studentattendance", "pk": 298, "fields": {"student": 47, "student_class": "6TH", "date": "2024-08-18", "status": "Holiday", "remarks": null}}, {"model": "student_attendance.studentattendance", "pk": 299, "fields": {"student": 48, "student_class": "7TH", "date": "2024-08-18", "status": "Holiday", "remarks": null}}, {"model": "student_attendance.studentattendance", "pk": 300, "fields": {"student": 49, "student_class": "7TH", "date": "2024-08-18", "status": "Holiday", "remarks": null}}, {"model": "student_attendance.studentattendance", "pk": 301, "fields": {"student": 50, "student_class": "7TH", "date": "2024-08-18", "status": "Holiday", "remarks": null}}, {"model": "student_attendance.studentattendance", "pk": 302, "fields": {"student": 51, "student_class": "7TH", "date": "2024-08-18", "status": "Holiday", "remarks": null}}, {"model": "student_attendance.studentattendance", "pk": 303, "fields": {"student": 52, "student_class": "7TH", "date": "2024-08-18", "status": "Holiday", "remarks": null}}, {"model": "student_attendance.studentattendance", "pk": 304, "fields": {"student": 53, "student_class": "7TH", "date": "2024-08-18", "status": "Holiday", "remarks": null}}, {"model": "student_attendance.studentattendance", "pk": 305, "fields": {"student": 54, "student_class": "8TH", "date": "2024-08-18", "status": "Holiday", "remarks": null}}, {"model": "student_attendance.studentattendance", "pk": 306, "fields": {"student": 55, "student_class": "8TH", "date": "2024-08-18", "status": "Holiday", "remarks": null}}, {"model": "student_attendance.studentattendance", "pk": 307, "fields": {"student": 56, "student_class": "8TH", "date": "2024-08-18", "status": "Holiday", "remarks": null}}, {"model": "student_attendance.studentattendance", "pk": 308, "fields": {"student": 57, "student_class": "8TH", "date": "2024-08-18", "status": "Holiday", "remarks": null}}, {"model": "student_attendance.studentattendance", "pk": 309, "fields": {"student": 58, "student_class": "8TH", "date": "2024-08-18", "status": "Holiday", "remarks": null}}, {"model": "student_attendance.studentattendance", "pk": 310, "fields": {"student": 59, "student_class": "8TH", "date": "2024-08-18", "status": "Holiday", "remarks": null}}, {"model": "student_attendance.studentattendance", "pk": 311, "fields": {"student": 60, "student_class": "8TH", "date": "2024-08-18", "status": "Holiday", "remarks": null}}, {"model": "student_attendance.studentattendance", "pk": 312, "fields": {"student": 1, "student_class": "IST", "date": "2024-08-19", "status": "Present", "remarks": null}}, {"model": "student_attendance.studentattendance", "pk": 313, "fields": {"student": 5, "student_class": "IST", "date": "2024-08-19", "status": "Present", "remarks": null}}, {"model": "student_attendance.studentattendance", "pk": 314, "fields": {"student": 6, "student_class": "IST", "date": "2024-08-19", "status": "Present", "remarks": null}}, {"model": "student_attendance.studentattendance", "pk": 315, "fields": {"student": 7, "student_class": "IST", "date": "2024-08-19", "status": "Present", "remarks": null}}, {"model": "student_attendance.studentattendance", "pk": 316, "fields": {"student": 8, "student_class": "IST", "date": "2024-08-19", "status": "Present", "remarks": null}}, {"model": "student_attendance.studentattendance", "pk": 317, "fields": {"student": 9, "student_class": "IST", "date": "2024-08-19", "status": "Present", "remarks": null}}, {"model": "student_attendance.studentattendance", "pk": 318, "fields": {"student": 10, "student_class": "IST", "date": "2024-08-19", "status": "Present", "remarks": null}}, {"model": "student_attendance.studentattendance", "pk": 319, "fields": {"student": 61, "student_class": "IST", "date": "2024-08-19", "status": "Present", "remarks": null}}, {"model": "student_attendance.studentattendance", "pk": 320, "fields": {"student": 1, "student_class": "IST", "date": "2024-08-22", "status": "Present", "remarks": null}}, {"model": "student_attendance.studentattendance", "pk": 321, "fields": {"student": 1, "student_class": "IST", "date": "2024-08-30", "status": "Present", "remarks": null}}, {"model": "student_attendance.studentattendance", "pk": 322, "fields": {"student": 1, "student_class": "IST", "date": "2024-09-03", "status": "Holiday", "remarks": null}}, {"model": "student_attendance.studentattendance", "pk": 323, "fields": {"student": 5, "student_class": "IST", "date": "2024-09-03", "status": "Holiday", "remarks": null}}, {"model": "student_attendance.studentattendance", "pk": 324, "fields": {"student": 6, "student_class": "IST", "date": "2024-09-03", "status": "Holiday", "remarks": null}}, {"model": "student_attendance.studentattendance", "pk": 325, "fields": {"student": 7, "student_class": "IST", "date": "2024-09-03", "status": "Holiday", "remarks": null}}, {"model": "student_attendance.studentattendance", "pk": 326, "fields": {"student": 8, "student_class": "IST", "date": "2024-09-03", "status": "Holiday", "remarks": null}}, {"model": "student_attendance.studentattendance", "pk": 327, "fields": {"student": 9, "student_class": "IST", "date": "2024-09-03", "status": "Holiday", "remarks": null}}, {"model": "student_attendance.studentattendance", "pk": 328, "fields": {"student": 10, "student_class": "IST", "date": "2024-09-03", "status": "Holiday", "remarks": null}}, {"model": "student_attendance.studentattendance", "pk": 329, "fields": {"student": 61, "student_class": "IST", "date": "2024-09-03", "status": "Holiday", "remarks": null}}, {"model": "student_attendance.studentattendance", "pk": 330, "fields": {"student": 11, "student_class": "2ND", "date": "2024-09-03", "status": "Holiday", "remarks": null}}, {"model": "dob_record.pdfrecord", "pk": 32, "fields": {"student": 21, "image_url": "http://res.cloudinary.com/dj6bt46ar/image/upload/v1724468658/pdf_images/zgke5ewprdjth2xamrc5.png", "created_at": "2024-08-24T03:04:12.529Z"}}, {"model": "dob_record.pdfrecord", "pk": 33, "fields": {"student": 46, "image_url": "http://res.cloudinary.com/dj6bt46ar/image/upload/v1724469031/pdf_images/p0xtdmcbqsuvrubpf6y6.png", "created_at": "2024-08-24T03:10:27.819Z"}}, {"model": "dob_record.pdfrecord", "pk": 34, "fields": {"student": 46, "image_url": "http://res.cloudinary.com/dj6bt46ar/image/upload/v1725011692/pdf_images/dcsyntylrnpick7wyxfb.png", "created_at": "2024-08-30T09:54:49.154Z"}}, {"model": "teacher_blogs.teacherprofile", "pk": 1, "fields": {"name": "Mohammad Ashaq", "expertise_subject": "Science", "profile_picture": "image/upload/https://res.cloudinary.com/your-cloud-name/image/upload/v1616161616/sample.jpg"}}, {"model": "teacher_blogs.blog", "pk": 1, "fields": {"teacher": 1, "subject": "The Importance of Biodiversity", "content": "Biodiversity is a critical topic, represented in both Next Generation Science Standards and The Global Goals adopted by the United Nations in 2015. However, it is often not explicitly taught until middle grades or beyond. One way to introduce the idea of biodiversity to younger learners is to explore the relationships between biodiversity, native plants, and pollinators through project and project-based learning (PBL) opportunities. The application of both inquiry and PBL promote engagement and also encourage the application of 21st-century skills like collaboration, innovation, and problem-solving that are integral for student success.", "image": "image/upload/https://res.cloudinary.com/your-cloud-name/image/upload/v1616161616/sample-blog-image.jpg", "published": false, "created_at": "2024-08-26T20:18:46.289Z"}}]